index,country,image,player,rating
13438,Afghanistan,http://a.espncdn.com/photo/2017/0523/090_03_SINGH_600.jpg,Yuvraj Singh,2.78025371124
7298,Afghanistan,http://a.espncdn.com/photo/2017/0510/004_01_FEDERER_600X388.jpg,Roger Federer,2.76570593435
2834,Afghanistan,http://a.espncdn.com/photo/2017/0516/097_01_NEUER_600.jpg,Manuel Neuer,2.76391925947
7112,Afghanistan,http://a.espncdn.com/photo/2017/0525/055_WILSON_600.jpg,Russell Wilson,2.74918278426
4508,Afghanistan,http://a.espncdn.com/photo/2017/0516/099_01_SCOTT_600.jpg,Adam Scott,2.73783610295
13429,Albania,http://a.espncdn.com/photo/2017/0523/090_03_SINGH_600.jpg,Yuvraj Singh,2.70764717238
1523,Albania,http://a.espncdn.com/photo/2017/0510/002_01_LEBRON_600X388.jpg,LeBron James,2.61660327803
11011,Albania,http://a.espncdn.com/photo/2017/0511/045_01_BENZEMA_600X388.jpg,Karim Benzema,2.60238368735
10079,Albania,http://a.espncdn.com/photo/2017/0510/019_01_SERENA_600X388.jpg,Serena Williams,2.57967649636
2081,Albania,http://a.espncdn.com/photo/2017/0523/039_02b_silva_600x388.jpg,Anderson Silva,2.55747554838
11086,Algerie,http://a.espncdn.com/photo/2017/0511/045_01_BENZEMA_600X388.jpg,Karim Benzema,2.92811290442
13504,Algerie,http://a.espncdn.com/photo/2017/0523/090_03_SINGH_600.jpg,Yuvraj Singh,2.92010278601
9038,Algerie,http://a.espncdn.com/photo/2017/0515/064_01_BECKHAM_600.jpg,Odell Beckham Jr.,2.89686920681
482,Algerie,http://a.espncdn.com/photo/2017/0516/096_01_RAINA_600.jpg,Suresh Raina,2.88712200476
8666,Algerie,http://a.espncdn.com/photo/2017/0510/024_01_WADE_600X388.jpg,Dwyane Wade,2.88618769908
13481,Angola,http://a.espncdn.com/photo/2017/0523/090_03_SINGH_600.jpg,Yuvraj Singh,3.0308561738
1575,Angola,http://a.espncdn.com/photo/2017/0510/002_01_LEBRON_600X388.jpg,LeBron James,2.9698092723
6225,Angola,http://a.espncdn.com/photo/2017/0523/068_05_LOCHTE_600_NEW.jpg,Ryan Lochte,2.91189745796
2505,Angola,http://a.espncdn.com/photo/2017/0515/069_01_EARNHARDTJR_600.jpg,Dale Earnhardt Jr.,2.87179157381
9015,Angola,http://a.espncdn.com/photo/2017/0515/064_01_BECKHAM_600.jpg,Odell Beckham Jr.,2.87052826879
7584,Antigua and Barbuda,http://a.espncdn.com/photo/2017/0510/025_01_MCGREGOR_600X388.jpg,Conor McGregor,3.75
13538,Antigua and Barbuda,http://a.espncdn.com/photo/2017/0523/090_03_SINGH_600.jpg,Yuvraj Singh,3.09773093826
4608,Antigua and Barbuda,http://a.espncdn.com/photo/2017/0516/099_01_SCOTT_600.jpg,Adam Scott,3.01161933313
9072,Antigua and Barbuda,http://a.espncdn.com/photo/2017/0515/064_01_BECKHAM_600.jpg,Odell Beckham Jr.,2.9740752748
1632,Antigua and Barbuda,http://a.espncdn.com/photo/2017/0510/002_01_LEBRON_600X388.jpg,LeBron James,2.96156910475
12474,Argentina,http://a.espncdn.com/photo/2017/0510/035_01_WESTBROOK_600X388.jpg,Russell Westbrook,4.625
1498,Argentina,http://a.espncdn.com/photo/2017/0510/002_01_LEBRON_600X388.jpg,LeBron James,2.93106510922
6148,Argentina,http://a.espncdn.com/photo/2017/0523/068_05_LOCHTE_600_NEW.jpg,Ryan Lochte,2.90594604462
8566,Argentina,http://a.espncdn.com/photo/2017/0510/024_01_WADE_600X388.jpg,Dwyane Wade,2.84311514283
13404,Argentina,http://a.espncdn.com/photo/2017/0523/090_03_SINGH_600.jpg,Yuvraj Singh,2.83792615098
13459,Armenia,http://a.espncdn.com/photo/2017/0523/090_03_SINGH_600.jpg,Yuvraj Singh,2.85647276109
7133,Armenia,http://a.espncdn.com/photo/2017/0525/055_WILSON_600.jpg,Russell Wilson,2.74500004505
9551,Armenia,http://a.espncdn.com/photo/2017/0515/086_01_JOHNSON_600.png,Jimmie Johnson,2.74400049964
5831,Armenia,http://a.espncdn.com/photo/2017/0510/042_01_WAWRINKA_600X388.jpg,Stan Wawrinka,2.73729052299
6017,Armenia,http://a.espncdn.com/photo/2017/0510/031_01_ROONEY_600X388.jpg,Wayne Rooney,2.72282139968
4761,Australia,http://a.espncdn.com/photo/2017/0515/051_01_PAUL_600.jpg,Chris Paul,4.16666666667
2715,Australia,http://a.espncdn.com/photo/2017/0510/001_01_RONALDO_600X388.jpg,Cristiano Ronaldo,3.75
3645,Australia,http://a.espncdn.com/photo/2017/0515/076_01_SILVA_600.jpg,Thiago Silva,3.75
12575,Australia,http://a.espncdn.com/photo/2017/0510/035_01_WESTBROOK_600X388.jpg,Russell Westbrook,3.67708333333
13877,Australia,http://a.espncdn.com/photo/2017/0510/040_01_POGBA_600X388.jpg,Paul Pogba,3.63020833333
6602,Austria,http://a.espncdn.com/photo/2017/0510/009_01_NADAL_600X388.jpg,Rafael Nadal,3.0
13486,Austria,http://a.espncdn.com/photo/2017/0523/090_03_SINGH_600.jpg,Yuvraj Singh,2.93851277677
7160,Austria,http://a.espncdn.com/photo/2017/0525/055_WILSON_600.jpg,Russell Wilson,2.85699715669
2324,Austria,http://a.espncdn.com/photo/2017/0511/048_01_BILES_600X388.jpg,Simone Biles,2.85425598309
11068,Austria,http://a.espncdn.com/photo/2017/0511/045_01_BENZEMA_600X388.jpg,Karim Benzema,2.84229792139
13496,Bahamas,http://a.espncdn.com/photo/2017/0523/090_03_SINGH_600.jpg,Yuvraj Singh,3.03734100646
13310,Bahamas,http://a.espncdn.com/photo/2017/0510/010_01_TIGER_600X388.jpg,Tiger Woods,3.0
1590,Bahamas,http://a.espncdn.com/photo/2017/0510/002_01_LEBRON_600X388.jpg,LeBron James,2.97030093894
6054,Bahamas,http://a.espncdn.com/photo/2017/0510/031_01_ROONEY_600X388.jpg,Wayne Rooney,2.93581543131
11078,Bahamas,http://a.espncdn.com/photo/2017/0511/045_01_BENZEMA_600X388.jpg,Karim Benzema,2.92752697442
5965,Bahrain,http://a.espncdn.com/photo/2017/0510/031_01_ROONEY_600X388.jpg,Wayne Rooney,2.9369047619
571,Bahrain,http://a.espncdn.com/photo/2017/0515/085_01_HAMILTON_600.jpg,Lewis Hamilton,2.875
10057,Bahrain,http://a.espncdn.com/photo/2017/0510/019_01_SERENA_600X388.jpg,Serena Williams,2.87128173035
1501,Bahrain,http://a.espncdn.com/photo/2017/0510/002_01_LEBRON_600X388.jpg,LeBron James,2.86997842981
13407,Bahrain,http://a.espncdn.com/photo/2017/0523/090_03_SINGH_600.jpg,Yuvraj Singh,2.83518764185
7299,Bangladesh,http://a.espncdn.com/photo/2017/0510/004_01_FEDERER_600X388.jpg,Roger Federer,2.96770070888
13439,Bangladesh,http://a.espncdn.com/photo/2017/0523/090_03_SINGH_600.jpg,Yuvraj Singh,2.96435763368
5997,Bangladesh,http://a.espncdn.com/photo/2017/0510/031_01_ROONEY_600X388.jpg,Wayne Rooney,2.9337401494
2277,Bangladesh,http://a.espncdn.com/photo/2017/0511/048_01_BILES_600X388.jpg,Simone Biles,2.92140058198
2835,Bangladesh,http://a.espncdn.com/photo/2017/0516/097_01_NEUER_600.jpg,Manuel Neuer,2.91354636896
9820,Barbados,http://a.espncdn.com/photo/2017/0525/021_02_brady_600X388.jpg,Tom Brady,4.25
13542,Barbados,http://a.espncdn.com/photo/2017/0523/090_03_SINGH_600.jpg,Yuvraj Singh,3.14606278872
1636,Barbados,http://a.espncdn.com/photo/2017/0510/002_01_LEBRON_600X388.jpg,LeBron James,3.02221838725
9076,Barbados,http://a.espncdn.com/photo/2017/0515/064_01_BECKHAM_600.jpg,Odell Beckham Jr.,3.00027335573
2938,Barbados,http://a.espncdn.com/photo/2017/0516/097_01_NEUER_600.jpg,Manuel Neuer,2.98249916515
7409,Belgica,http://a.espncdn.com/photo/2017/0510/004_01_FEDERER_600X388.jpg,Roger Federer,2.95745840119
13549,Belgica,http://a.espncdn.com/photo/2017/0523/090_03_SINGH_600.jpg,Yuvraj Singh,2.92029071769
1643,Belgica,http://a.espncdn.com/photo/2017/0510/002_01_LEBRON_600X388.jpg,LeBron James,2.91233413904
2387,Belgica,http://a.espncdn.com/photo/2017/0511/048_01_BILES_600X388.jpg,Simone Biles,2.8472122207
9083,Belgica,http://a.espncdn.com/photo/2017/0515/064_01_BECKHAM_600.jpg,Odell Beckham Jr.,2.8395703308
13895,Belgie,http://a.espncdn.com/photo/2017/0510/040_01_POGBA_600X388.jpg,Paul Pogba,3.69444444444
9615,Belgie,http://a.espncdn.com/photo/2017/0515/086_01_JOHNSON_600.png,Jimmie Johnson,2.98702129405
5895,Belgie,http://a.espncdn.com/photo/2017/0510/042_01_WAWRINKA_600X388.jpg,Stan Wawrinka,2.9790489353
9057,Belgie,http://a.espncdn.com/photo/2017/0515/064_01_BECKHAM_600.jpg,Odell Beckham Jr.,2.96716982439
7383,Belgie,http://a.espncdn.com/photo/2017/0510/004_01_FEDERER_600X388.jpg,Roger Federer,2.95613041133
6065,Belgique,http://a.espncdn.com/photo/2017/0510/031_01_ROONEY_600X388.jpg,Wayne Rooney,3.5
5693,Belgique,http://a.espncdn.com/photo/2017/0510/032_01_MURRAY_600X388.jpg,Andy Murray,3.375
13507,Belgique,http://a.espncdn.com/photo/2017/0523/090_03_SINGH_600.jpg,Yuvraj Singh,3.13218289444
11089,Belgique,http://a.espncdn.com/photo/2017/0511/045_01_BENZEMA_600X388.jpg,Karim Benzema,3.06123761481
1601,Belgique,http://a.espncdn.com/photo/2017/0510/002_01_LEBRON_600X388.jpg,LeBron James,3.03202139909
6067,Belgium,http://a.espncdn.com/photo/2017/0510/031_01_ROONEY_600X388.jpg,Wayne Rooney,3.75
7369,Belgium,http://a.espncdn.com/photo/2017/0510/004_01_FEDERER_600X388.jpg,Roger Federer,3.5
13509,Belgium,http://a.espncdn.com/photo/2017/0523/090_03_SINGH_600.jpg,Yuvraj Singh,3.12533274371
2905,Belgium,http://a.espncdn.com/photo/2017/0516/097_01_NEUER_600.jpg,Manuel Neuer,3.08288003774
2533,Belgium,http://a.espncdn.com/photo/2017/0515/069_01_EARNHARDTJR_600.jpg,Dale Earnhardt Jr.,3.06913702928
6003,Bermuda,http://a.espncdn.com/photo/2017/0510/031_01_ROONEY_600X388.jpg,Wayne Rooney,3.0
13445,Bermuda,http://a.espncdn.com/photo/2017/0523/090_03_SINGH_600.jpg,Yuvraj Singh,2.94533606004
1539,Bermuda,http://a.espncdn.com/photo/2017/0510/002_01_LEBRON_600X388.jpg,LeBron James,2.92927603224
7305,Bermuda,http://a.espncdn.com/photo/2017/0510/004_01_FEDERER_600X388.jpg,Roger Federer,2.8437453208
11027,Bermuda,http://a.espncdn.com/photo/2017/0511/045_01_BENZEMA_600X388.jpg,Karim Benzema,2.84236012319
1509,"Bonaire, Sint Eustatius and Saba",http://a.espncdn.com/photo/2017/0510/002_01_LEBRON_600X388.jpg,LeBron James,2.98615926153
13415,"Bonaire, Sint Eustatius and Saba",http://a.espncdn.com/photo/2017/0523/090_03_SINGH_600.jpg,Yuvraj Singh,2.91254764079
7275,"Bonaire, Sint Eustatius and Saba",http://a.espncdn.com/photo/2017/0510/004_01_FEDERER_600X388.jpg,Roger Federer,2.90205573355
6159,"Bonaire, Sint Eustatius and Saba",http://a.espncdn.com/photo/2017/0523/068_05_LOCHTE_600_NEW.jpg,Ryan Lochte,2.88357983555
2253,"Bonaire, Sint Eustatius and Saba",http://a.espncdn.com/photo/2017/0511/048_01_BILES_600X388.jpg,Simone Biles,2.84974733857
6002,Bosna i Hercegovina,http://a.espncdn.com/photo/2017/0510/031_01_ROONEY_600X388.jpg,Wayne Rooney,2.94978178385
11026,Bosna i Hercegovina,http://a.espncdn.com/photo/2017/0511/045_01_BENZEMA_600X388.jpg,Karim Benzema,2.91584362478
5072,Bosna i Hercegovina,http://a.espncdn.com/photo/2017/0516/092_02_MASSAH_600.jpg,Felipe Massa,2.9080006069
2840,Bosna i Hercegovina,http://a.espncdn.com/photo/2017/0516/097_01_NEUER_600.jpg,Manuel Neuer,2.89684615992
2282,Bosna i Hercegovina,http://a.espncdn.com/photo/2017/0511/048_01_BILES_600X388.jpg,Simone Biles,2.8918361508
1506,Bosnia and Herzegovina,http://a.espncdn.com/photo/2017/0510/002_01_LEBRON_600X388.jpg,LeBron James,3.0389675655
1134,Bosnia and Herzegovina,http://a.espncdn.com/photo/2017/0511/047_01_NEWTON_600X388.jpg,Cam Newton,3.0
12482,Bosnia and Herzegovina,http://a.espncdn.com/photo/2017/0510/035_01_WESTBROOK_600X388.jpg,Russell Westbrook,2.95579562333
6156,Bosnia and Herzegovina,http://a.espncdn.com/photo/2017/0523/068_05_LOCHTE_600_NEW.jpg,Ryan Lochte,2.92364086214
8574,Bosnia and Herzegovina,http://a.espncdn.com/photo/2017/0510/024_01_WADE_600X388.jpg,Dwyane Wade,2.91980212263
4829,Botswana,http://a.espncdn.com/photo/2017/0515/051_01_PAUL_600.jpg,Chris Paul,3.125
13573,Botswana,http://a.espncdn.com/photo/2017/0523/090_03_SINGH_600.jpg,Yuvraj Singh,2.83975869238
11155,Botswana,http://a.espncdn.com/photo/2017/0511/045_01_BENZEMA_600X388.jpg,Karim Benzema,2.80303936759
10223,Botswana,http://a.espncdn.com/photo/2017/0510/019_01_SERENA_600X388.jpg,Serena Williams,2.78731171252
4643,Botswana,http://a.espncdn.com/photo/2017/0516/099_01_SCOTT_600.jpg,Adam Scott,2.77442450425
4215,Brasil,http://a.espncdn.com/photo/2017/0525/013_02_kohli_600X388.jpg,Virat Kohli,3.375
4959,Brasil,http://a.espncdn.com/photo/2017/0525/003_03_messi_600X388.jpg,Lionel Messi,3.33333333333
7377,Brasil,http://a.espncdn.com/photo/2017/0510/004_01_FEDERER_600X388.jpg,Roger Federer,3.33333333333
1239,Brasil,http://a.espncdn.com/photo/2017/0511/047_01_NEWTON_600X388.jpg,Cam Newton,3.0
13517,Brasil,http://a.espncdn.com/photo/2017/0523/090_03_SINGH_600.jpg,Yuvraj Singh,2.9374457432
8403,Brazil,http://a.espncdn.com/photo/2017/0523/052_04_BREES_600.jpg,Drew Brees,4.5
13427,Brazil,http://a.espncdn.com/photo/2017/0523/090_03_SINGH_600.jpg,Yuvraj Singh,2.90970205798
9519,Brazil,http://a.espncdn.com/photo/2017/0515/086_01_JOHNSON_600.png,Jimmie Johnson,2.87080253596
8961,Brazil,http://a.espncdn.com/photo/2017/0515/064_01_BECKHAM_600.jpg,Odell Beckham Jr.,2.86009536417
1521,Brazil,http://a.espncdn.com/photo/2017/0510/002_01_LEBRON_600X388.jpg,LeBron James,2.85750257419
13475,British Virgin Islands,http://a.espncdn.com/photo/2017/0523/090_03_SINGH_600.jpg,Yuvraj Singh,2.89572031548
2499,British Virgin Islands,http://a.espncdn.com/photo/2017/0515/069_01_EARNHARDTJR_600.jpg,Dale Earnhardt Jr.,2.86665686805
4545,British Virgin Islands,http://a.espncdn.com/photo/2017/0516/099_01_SCOTT_600.jpg,Adam Scott,2.82629895501
9567,British Virgin Islands,http://a.espncdn.com/photo/2017/0515/086_01_JOHNSON_600.png,Jimmie Johnson,2.82111906132
3429,British Virgin Islands,http://a.espncdn.com/photo/2017/0510/023_01_SHARAPOVA_600X388.jpg,Maria Sharapova,2.806287511
1597,Brunei,http://a.espncdn.com/photo/2017/0510/002_01_LEBRON_600X388.jpg,LeBron James,2.97360461974
13503,Brunei,http://a.espncdn.com/photo/2017/0523/090_03_SINGH_600.jpg,Yuvraj Singh,2.92747585668
12573,Brunei,http://a.espncdn.com/photo/2017/0510/035_01_WESTBROOK_600X388.jpg,Russell Westbrook,2.89608992904
6247,Brunei,http://a.espncdn.com/photo/2017/0523/068_05_LOCHTE_600_NEW.jpg,Ryan Lochte,2.8538756417
9037,Brunei,http://a.espncdn.com/photo/2017/0515/064_01_BECKHAM_600.jpg,Odell Beckham Jr.,2.83505639735
6035,Bulgaria,http://a.espncdn.com/photo/2017/0510/031_01_ROONEY_600X388.jpg,Wayne Rooney,3.34375
13477,Bulgaria,http://a.espncdn.com/photo/2017/0523/090_03_SINGH_600.jpg,Yuvraj Singh,3.09228512663
1571,Bulgaria,http://a.espncdn.com/photo/2017/0510/002_01_LEBRON_600X388.jpg,LeBron James,3.08671861584
5849,Bulgaria,http://a.espncdn.com/photo/2017/0510/042_01_WAWRINKA_600X388.jpg,Stan Wawrinka,2.96118936079
14221,Bulgaria,http://a.espncdn.com/photo/2017/0522/BALE_600x388.jpg,Gareth Bale,2.94219805852
13400,Cambodia,http://a.espncdn.com/photo/2017/0523/090_03_SINGH_600.jpg,Yuvraj Singh,3.01596523543
5958,Cambodia,http://a.espncdn.com/photo/2017/0510/031_01_ROONEY_600X388.jpg,Wayne Rooney,2.92314081662
2238,Cambodia,http://a.espncdn.com/photo/2017/0511/048_01_BILES_600X388.jpg,Simone Biles,2.92090431328
10982,Cambodia,http://a.espncdn.com/photo/2017/0511/045_01_BENZEMA_600X388.jpg,Karim Benzema,2.89001136374
11354,Cambodia,http://a.espncdn.com/photo/2017/0510/033_01_ROSE_600X388.jpg,Derrick Rose,2.85595574724
7451,Cameroon,http://a.espncdn.com/photo/2017/0510/025_01_MCGREGOR_600X388.jpg,Conor McGregor,3.66666666667
10987,Cameroon,http://a.espncdn.com/photo/2017/0511/045_01_BENZEMA_600X388.jpg,Karim Benzema,3.05716978119
7265,Cameroon,http://a.espncdn.com/photo/2017/0510/004_01_FEDERER_600X388.jpg,Roger Federer,3.04268877438
8939,Cameroon,http://a.espncdn.com/photo/2017/0515/064_01_BECKHAM_600.jpg,Odell Beckham Jr.,3.02076525738
5033,Cameroon,http://a.espncdn.com/photo/2017/0516/092_02_MASSAH_600.jpg,Felipe Massa,3.01901458696
9859,Canada,http://a.espncdn.com/photo/2017/0510/034_01_IRVING_600X388.jpg,Kyrie Irving,4.375
9115,Canada,http://a.espncdn.com/photo/2017/0515/079_01_WALCOTT_600.jpg,Theo Walcott,3.75
9301,Canada,http://a.espncdn.com/photo/2017/0510/041_01_ANTHONY_600X388.jpg,Carmelo Anthony,3.75
931,Canada,http://a.espncdn.com/photo/2017/0516/100_01_SALLAH_600.jpg,Mohamed Salah,3.64583333333
1489,Canada,http://a.espncdn.com/photo/2017/0510/002_01_LEBRON_600X388.jpg,LeBron James,3.6
13482,Cayman Islands,http://a.espncdn.com/photo/2017/0523/090_03_SINGH_600.jpg,Yuvraj Singh,2.97315293749
6040,Cayman Islands,http://a.espncdn.com/photo/2017/0510/031_01_ROONEY_600X388.jpg,Wayne Rooney,2.96346004374
11064,Cayman Islands,http://a.espncdn.com/photo/2017/0511/045_01_BENZEMA_600X388.jpg,Karim Benzema,2.94595793556
1576,Cayman Islands,http://a.espncdn.com/photo/2017/0510/002_01_LEBRON_600X388.jpg,LeBron James,2.91892531113
5110,Cayman Islands,http://a.espncdn.com/photo/2017/0516/092_02_MASSAH_600.jpg,Felipe Massa,2.90098343908
2309,Central African Republic,http://a.espncdn.com/photo/2017/0511/048_01_BILES_600X388.jpg,Simone Biles,4.5
6215,Central African Republic,http://a.espncdn.com/photo/2017/0523/068_05_LOCHTE_600_NEW.jpg,Ryan Lochte,3.11195427086
3425,Central African Republic,http://a.espncdn.com/photo/2017/0510/023_01_SHARAPOVA_600X388.jpg,Maria Sharapova,3.09900070631
7331,Central African Republic,http://a.espncdn.com/photo/2017/0510/004_01_FEDERER_600X388.jpg,Roger Federer,3.09483261863
1937,Central African Republic,http://a.espncdn.com/photo/2017/0523/087_02_WOZNIACKI_600.jpg,Caroline Wozniacki,3.08575992464
7368,Chile,http://a.espncdn.com/photo/2017/0510/004_01_FEDERER_600X388.jpg,Roger Federer,2.92447420067
13508,Chile,http://a.espncdn.com/photo/2017/0523/090_03_SINGH_600.jpg,Yuvraj Singh,2.90698129247
3462,Chile,http://a.espncdn.com/photo/2017/0510/023_01_SHARAPOVA_600X388.jpg,Maria Sharapova,2.89558681209
2904,Chile,http://a.espncdn.com/photo/2017/0516/097_01_NEUER_600.jpg,Manuel Neuer,2.88991079442
6252,Chile,http://a.espncdn.com/photo/2017/0523/068_05_LOCHTE_600_NEW.jpg,Ryan Lochte,2.8737811524
703,Colombia,http://a.espncdn.com/photo/2017/0515/085_01_HAMILTON_600.jpg,Lewis Hamilton,2.75
13539,Colombia,http://a.espncdn.com/photo/2017/0523/090_03_SINGH_600.jpg,Yuvraj Singh,2.74121526601
11121,Colombia,http://a.espncdn.com/photo/2017/0511/045_01_BENZEMA_600X388.jpg,Karim Benzema,2.72371561875
2377,Colombia,http://a.espncdn.com/photo/2017/0511/048_01_BILES_600X388.jpg,Simone Biles,2.72247627184
1633,Colombia,http://a.espncdn.com/photo/2017/0510/002_01_LEBRON_600X388.jpg,LeBron James,2.71057493063
13575,Congo,http://a.espncdn.com/photo/2017/0523/090_03_SINGH_600.jpg,Yuvraj Singh,2.95974667024
6133,Congo,http://a.espncdn.com/photo/2017/0510/031_01_ROONEY_600X388.jpg,Wayne Rooney,2.87557285511
7249,Congo,http://a.espncdn.com/photo/2017/0525/055_WILSON_600.jpg,Russell Wilson,2.86188584271
2971,Congo,http://a.espncdn.com/photo/2017/0516/097_01_NEUER_600.jpg,Manuel Neuer,2.85768824304
9667,Congo,http://a.espncdn.com/photo/2017/0515/086_01_JOHNSON_600.png,Jimmie Johnson,2.85361100832
13494,Costa Rica,http://a.espncdn.com/photo/2017/0523/090_03_SINGH_600.jpg,Yuvraj Singh,2.98413933966
1588,Costa Rica,http://a.espncdn.com/photo/2017/0510/002_01_LEBRON_600X388.jpg,LeBron James,2.92270110745
9028,Costa Rica,http://a.espncdn.com/photo/2017/0515/064_01_BECKHAM_600.jpg,Odell Beckham Jr.,2.91581698281
5866,Costa Rica,http://a.espncdn.com/photo/2017/0510/042_01_WAWRINKA_600X388.jpg,Stan Wawrinka,2.88007716325
9586,Costa Rica,http://a.espncdn.com/photo/2017/0515/086_01_JOHNSON_600.png,Jimmie Johnson,2.86146284813
1635,Cyprus,http://a.espncdn.com/photo/2017/0510/002_01_LEBRON_600X388.jpg,LeBron James,2.83475635648
10191,Cyprus,http://a.espncdn.com/photo/2017/0510/019_01_SERENA_600X388.jpg,Serena Williams,2.76426447048
13541,Cyprus,http://a.espncdn.com/photo/2017/0523/090_03_SINGH_600.jpg,Yuvraj Singh,2.7638220735
9633,Cyprus,http://a.espncdn.com/photo/2017/0515/086_01_JOHNSON_600.png,Jimmie Johnson,2.74623055485
2379,Cyprus,http://a.espncdn.com/photo/2017/0511/048_01_BILES_600X388.jpg,Simone Biles,2.70434951182
13502,Czech Republic,http://a.espncdn.com/photo/2017/0523/090_03_SINGH_600.jpg,Yuvraj Singh,2.93839995022
1596,Czech Republic,http://a.espncdn.com/photo/2017/0510/002_01_LEBRON_600X388.jpg,LeBron James,2.91655090994
9036,Czech Republic,http://a.espncdn.com/photo/2017/0515/064_01_BECKHAM_600.jpg,Odell Beckham Jr.,2.89303791328
9594,Czech Republic,http://a.espncdn.com/photo/2017/0515/086_01_JOHNSON_600.png,Jimmie Johnson,2.89080697974
6246,Czech Republic,http://a.espncdn.com/photo/2017/0523/068_05_LOCHTE_600_NEW.jpg,Ryan Lochte,2.85072010515
13579,Danmark,http://a.espncdn.com/photo/2017/0523/090_03_SINGH_600.jpg,Yuvraj Singh,2.9765047974
11161,Danmark,http://a.espncdn.com/photo/2017/0511/045_01_BENZEMA_600X388.jpg,Karim Benzema,2.9508373368
1673,Danmark,http://a.espncdn.com/photo/2017/0510/002_01_LEBRON_600X388.jpg,LeBron James,2.93416426978
9113,Danmark,http://a.espncdn.com/photo/2017/0515/064_01_BECKHAM_600.jpg,Odell Beckham Jr.,2.93393262989
5951,Danmark,http://a.espncdn.com/photo/2017/0510/042_01_WAWRINKA_600X388.jpg,Stan Wawrinka,2.90781875121
10210,Denmark,http://a.espncdn.com/photo/2017/0510/019_01_SERENA_600X388.jpg,Serena Williams,4.25
13560,Denmark,http://a.espncdn.com/photo/2017/0523/090_03_SINGH_600.jpg,Yuvraj Singh,3.03477295688
11142,Denmark,http://a.espncdn.com/photo/2017/0511/045_01_BENZEMA_600X388.jpg,Karim Benzema,2.98890893746
9094,Denmark,http://a.espncdn.com/photo/2017/0515/064_01_BECKHAM_600.jpg,Odell Beckham Jr.,2.97604577888
2584,Denmark,http://a.espncdn.com/photo/2017/0515/069_01_EARNHARDTJR_600.jpg,Dale Earnhardt Jr.,2.95087220972
7567,Deutschland,http://a.espncdn.com/photo/2017/0510/025_01_MCGREGOR_600X388.jpg,Conor McGregor,3.48214285714
5707,Deutschland,http://a.espncdn.com/photo/2017/0510/032_01_MURRAY_600X388.jpg,Andy Murray,3.0
1615,Deutschland,http://a.espncdn.com/photo/2017/0510/002_01_LEBRON_600X388.jpg,LeBron James,2.76343371925
6637,Deutschland,http://a.espncdn.com/photo/2017/0510/009_01_NADAL_600X388.jpg,Rafael Nadal,2.75
9055,Deutschland,http://a.espncdn.com/photo/2017/0515/064_01_BECKHAM_600.jpg,Odell Beckham Jr.,2.73738585584
13536,Djibouti,http://a.espncdn.com/photo/2017/0523/090_03_SINGH_600.jpg,Yuvraj Singh,2.97841792529
9070,Djibouti,http://a.espncdn.com/photo/2017/0515/064_01_BECKHAM_600.jpg,Odell Beckham Jr.,2.92723964421
11118,Djibouti,http://a.espncdn.com/photo/2017/0511/045_01_BENZEMA_600X388.jpg,Karim Benzema,2.89091974088
13722,Djibouti,http://a.espncdn.com/photo/2017/0515/053_01_LUIZ_600.jpg,David Luiz,2.88322190869
6280,Djibouti,http://a.espncdn.com/photo/2017/0523/068_05_LOCHTE_600_NEW.jpg,Ryan Lochte,2.87226857275
7321,Dominican Republic,http://a.espncdn.com/photo/2017/0510/004_01_FEDERER_600X388.jpg,Roger Federer,3.375
7507,Dominican Republic,http://a.espncdn.com/photo/2017/0510/025_01_MCGREGOR_600X388.jpg,Conor McGregor,3.3125
13461,Dominican Republic,http://a.espncdn.com/photo/2017/0523/090_03_SINGH_600.jpg,Yuvraj Singh,3.04321452314
8995,Dominican Republic,http://a.espncdn.com/photo/2017/0515/064_01_BECKHAM_600.jpg,Odell Beckham Jr.,3.00699105734
8623,Dominican Republic,http://a.espncdn.com/photo/2017/0510/024_01_WADE_600X388.jpg,Dwyane Wade,2.98987910206
13501,Ecuador,http://a.espncdn.com/photo/2017/0523/090_03_SINGH_600.jpg,Yuvraj Singh,2.9392344283
1595,Ecuador,http://a.espncdn.com/photo/2017/0510/002_01_LEBRON_600X388.jpg,LeBron James,2.86527617997
2525,Ecuador,http://a.espncdn.com/photo/2017/0515/069_01_EARNHARDTJR_600.jpg,Dale Earnhardt Jr.,2.84585746598
9593,Ecuador,http://a.espncdn.com/photo/2017/0515/086_01_JOHNSON_600.png,Jimmie Johnson,2.8411961113
10151,Ecuador,http://a.espncdn.com/photo/2017/0510/019_01_SERENA_600X388.jpg,Serena Williams,2.81729732221
1666,Egypt,http://a.espncdn.com/photo/2017/0510/002_01_LEBRON_600X388.jpg,LeBron James,4.125
5758,Egypt,http://a.espncdn.com/photo/2017/0510/032_01_MURRAY_600X388.jpg,Andy Murray,2.90625
7618,Egypt,http://a.espncdn.com/photo/2017/0510/025_01_MCGREGOR_600X388.jpg,Conor McGregor,2.8125
10222,Egypt,http://a.espncdn.com/photo/2017/0510/019_01_SERENA_600X388.jpg,Serena Williams,2.75
13572,Egypt,http://a.espncdn.com/photo/2017/0523/090_03_SINGH_600.jpg,Yuvraj Singh,2.69487005136
6198,Eire,http://a.espncdn.com/photo/2017/0523/068_05_LOCHTE_600_NEW.jpg,Ryan Lochte,2.97648422436
13454,Eire,http://a.espncdn.com/photo/2017/0523/090_03_SINGH_600.jpg,Yuvraj Singh,2.93461903558
7314,Eire,http://a.espncdn.com/photo/2017/0510/004_01_FEDERER_600X388.jpg,Roger Federer,2.9311304259
3408,Eire,http://a.espncdn.com/photo/2017/0510/023_01_SHARAPOVA_600X388.jpg,Maria Sharapova,2.91637467886
1548,Eire,http://a.espncdn.com/photo/2017/0510/002_01_LEBRON_600X388.jpg,LeBron James,2.91495476638
4654,Espagne,http://a.espncdn.com/photo/2017/0515/051_01_PAUL_600.jpg,Chris Paul,3.75
8932,Espagne,http://a.espncdn.com/photo/2017/0515/064_01_BECKHAM_600.jpg,Odell Beckham Jr.,3.08402397571
1492,Espagne,http://a.espncdn.com/photo/2017/0510/002_01_LEBRON_600X388.jpg,LeBron James,3.06653055969
10980,Espagne,http://a.espncdn.com/photo/2017/0511/045_01_BENZEMA_600X388.jpg,Karim Benzema,3.03647572896
7258,Espagne,http://a.espncdn.com/photo/2017/0510/004_01_FEDERER_600X388.jpg,Roger Federer,3.03008596929
13553,Espainia,http://a.espncdn.com/photo/2017/0523/090_03_SINGH_600.jpg,Yuvraj Singh,2.9953123177
1647,Espainia,http://a.espncdn.com/photo/2017/0510/002_01_LEBRON_600X388.jpg,LeBron James,2.95806367079
9087,Espainia,http://a.espncdn.com/photo/2017/0515/064_01_BECKHAM_600.jpg,Odell Beckham Jr.,2.94329262487
11507,Espainia,http://a.espncdn.com/photo/2017/0510/033_01_ROSE_600X388.jpg,Derrick Rose,2.94084524714
10203,Espainia,http://a.espncdn.com/photo/2017/0510/019_01_SERENA_600X388.jpg,Serena Williams,2.93095789655
7317,Espana,http://a.espncdn.com/photo/2017/0510/004_01_FEDERER_600X388.jpg,Roger Federer,3.39583333333
1551,Espana,http://a.espncdn.com/photo/2017/0510/002_01_LEBRON_600X388.jpg,LeBron James,2.8253965011
5829,Espana,http://a.espncdn.com/photo/2017/0510/042_01_WAWRINKA_600X388.jpg,Stan Wawrinka,2.81355770807
13457,Espana,http://a.espncdn.com/photo/2017/0523/090_03_SINGH_600.jpg,Yuvraj Singh,2.81027978065
8991,Espana,http://a.espncdn.com/photo/2017/0515/064_01_BECKHAM_600.jpg,Odell Beckham Jr.,2.77053311274
13453,Espanha,http://a.espncdn.com/photo/2017/0523/090_03_SINGH_600.jpg,Yuvraj Singh,3.03380701271
6197,Espanha,http://a.espncdn.com/photo/2017/0523/068_05_LOCHTE_600_NEW.jpg,Ryan Lochte,2.97663703833
7313,Espanha,http://a.espncdn.com/photo/2017/0510/004_01_FEDERER_600X388.jpg,Roger Federer,2.95960548081
1547,Espanha,http://a.espncdn.com/photo/2017/0510/002_01_LEBRON_600X388.jpg,LeBron James,2.94300731464
2291,Espanha,http://a.espncdn.com/photo/2017/0511/048_01_BILES_600X388.jpg,Simone Biles,2.93907130126
6036,Espanya,http://a.espncdn.com/photo/2017/0510/031_01_ROONEY_600X388.jpg,Wayne Rooney,2.78719052001
2874,Espanya,http://a.espncdn.com/photo/2017/0516/097_01_NEUER_600.jpg,Manuel Neuer,2.7744398439
9012,Espanya,http://a.espncdn.com/photo/2017/0515/064_01_BECKHAM_600.jpg,Odell Beckham Jr.,2.75162131567
3246,Espanya,http://a.espncdn.com/photo/2017/0515/067_02_SCHWEINSTEIGER_600.jpg,Bastian Schweinsteiger,2.74802150836
8640,Espanya,http://a.espncdn.com/photo/2017/0510/024_01_WADE_600X388.jpg,Dwyane Wade,2.74605348457
2262,Estados Unidos,http://a.espncdn.com/photo/2017/0511/048_01_BILES_600X388.jpg,Simone Biles,3.75
30,Estados Unidos,http://a.espncdn.com/photo/2017/0510/006_01_NEYMAR_600X388.jpg,Neymar,3.25
12122,Estados Unidos,http://a.espncdn.com/photo/2017/0515/056_03_RODGERS_600.jpg,Aaron Rodgers,3.125
8958,Estados Unidos,http://a.espncdn.com/photo/2017/0515/064_01_BECKHAM_600.jpg,Odell Beckham Jr.,3.08234485515
11564,Estados Unidos,http://a.espncdn.com/photo/2017/0510/012_01_DJOKOVIC_600X388.jpg,Novak Djokovic,3.0625
6025,Finland,http://a.espncdn.com/photo/2017/0510/031_01_ROONEY_600X388.jpg,Wayne Rooney,4.16666666667
13467,Finland,http://a.espncdn.com/photo/2017/0523/090_03_SINGH_600.jpg,Yuvraj Singh,3.20269329589
1561,Finland,http://a.espncdn.com/photo/2017/0510/002_01_LEBRON_600X388.jpg,LeBron James,3.16234944647
7513,Finland,http://a.espncdn.com/photo/2017/0510/025_01_MCGREGOR_600X388.jpg,Conor McGregor,3.125
2305,Finland,http://a.espncdn.com/photo/2017/0511/048_01_BILES_600X388.jpg,Simone Biles,3.1227297542
1164,France,http://a.espncdn.com/photo/2017/0511/047_01_NEWTON_600X388.jpg,Cam Newton,5.0
12512,France,http://a.espncdn.com/photo/2017/0510/035_01_WESTBROOK_600X388.jpg,Russell Westbrook,5.0
12698,France,http://a.espncdn.com/photo/2017/0515/074_01_WATT_600.jpg,J.J. Watt,5.0
1536,France,http://a.espncdn.com/photo/2017/0510/002_01_LEBRON_600X388.jpg,LeBron James,4.5
6558,France,http://a.espncdn.com/photo/2017/0510/009_01_NADAL_600X388.jpg,Rafael Nadal,3.875
5961,Francia,http://a.espncdn.com/photo/2017/0510/031_01_ROONEY_600X388.jpg,Wayne Rooney,3.0
13403,Francia,http://a.espncdn.com/photo/2017/0523/090_03_SINGH_600.jpg,Yuvraj Singh,2.96386840018
10053,Francia,http://a.espncdn.com/photo/2017/0510/019_01_SERENA_600X388.jpg,Serena Williams,2.94430603563
2799,Francia,http://a.espncdn.com/photo/2017/0516/097_01_NEUER_600.jpg,Manuel Neuer,2.91536230228
1497,Francia,http://a.espncdn.com/photo/2017/0510/002_01_LEBRON_600X388.jpg,LeBron James,2.9127385108
6077,Gambia,http://a.espncdn.com/photo/2017/0510/031_01_ROONEY_600X388.jpg,Wayne Rooney,4.25
13519,Gambia,http://a.espncdn.com/photo/2017/0523/090_03_SINGH_600.jpg,Yuvraj Singh,3.17903398031
1613,Gambia,http://a.espncdn.com/photo/2017/0510/002_01_LEBRON_600X388.jpg,LeBron James,3.13551755221
125,Gambia,http://a.espncdn.com/photo/2017/0510/006_01_NEYMAR_600X388.jpg,Neymar,3.125
11101,Gambia,http://a.espncdn.com/photo/2017/0511/045_01_BENZEMA_600X388.jpg,Karim Benzema,3.11489069197
9049,Georgia,http://a.espncdn.com/photo/2017/0515/064_01_BECKHAM_600.jpg,Odell Beckham Jr.,2.98100250131
1609,Georgia,http://a.espncdn.com/photo/2017/0510/002_01_LEBRON_600X388.jpg,LeBron James,2.96131242649
11097,Georgia,http://a.espncdn.com/photo/2017/0511/045_01_BENZEMA_600X388.jpg,Karim Benzema,2.9448398957
13515,Georgia,http://a.espncdn.com/photo/2017/0523/090_03_SINGH_600.jpg,Yuvraj Singh,2.93075144519
1981,Georgia,http://a.espncdn.com/photo/2017/0523/087_02_WOZNIACKI_600.jpg,Caroline Wozniacki,2.90113728925
7419,Germany,http://a.espncdn.com/photo/2017/0510/004_01_FEDERER_600X388.jpg,Roger Federer,4.0625
10209,Germany,http://a.espncdn.com/photo/2017/0510/019_01_SERENA_600X388.jpg,Serena Williams,3.54166666667
4443,Germany,http://a.espncdn.com/photo/2017/0510/008_01_DURANT_600X388.jpg,Kevin Durant,3.38888888889
9837,Germany,http://a.espncdn.com/photo/2017/0525/021_02_brady_600X388.jpg,Tom Brady,3.27083333333
8721,Germany,http://a.espncdn.com/photo/2017/0510/024_01_WADE_600X388.jpg,Dwyane Wade,2.81846760108
4907,Ghana,http://a.espncdn.com/photo/2017/0525/003_03_messi_600X388.jpg,Lionel Messi,4.5
8999,Ghana,http://a.espncdn.com/photo/2017/0515/064_01_BECKHAM_600.jpg,Odell Beckham Jr.,4.25
1931,Ghana,http://a.espncdn.com/photo/2017/0523/087_02_WOZNIACKI_600.jpg,Caroline Wozniacki,4.0625
1187,Ghana,http://a.espncdn.com/photo/2017/0511/047_01_NEWTON_600X388.jpg,Cam Newton,3.08333333333
1559,Ghana,http://a.espncdn.com/photo/2017/0510/002_01_LEBRON_600X388.jpg,LeBron James,3.00157779988
7543,Gibraltar,http://a.espncdn.com/photo/2017/0510/025_01_MCGREGOR_600X388.jpg,Conor McGregor,3.125
13497,Gibraltar,http://a.espncdn.com/photo/2017/0523/090_03_SINGH_600.jpg,Yuvraj Singh,3.09017809113
2521,Gibraltar,http://a.espncdn.com/photo/2017/0515/069_01_EARNHARDTJR_600.jpg,Dale Earnhardt Jr.,2.95601602242
11079,Gibraltar,http://a.espncdn.com/photo/2017/0511/045_01_BENZEMA_600X388.jpg,Karim Benzema,2.92845148975
1591,Gibraltar,http://a.espncdn.com/photo/2017/0510/002_01_LEBRON_600X388.jpg,LeBron James,2.91972572009
13425,Grece,http://a.espncdn.com/photo/2017/0523/090_03_SINGH_600.jpg,Yuvraj Singh,2.98096647893
9517,Grece,http://a.espncdn.com/photo/2017/0515/086_01_JOHNSON_600.png,Jimmie Johnson,2.97734579407
5983,Grece,http://a.espncdn.com/photo/2017/0510/031_01_ROONEY_600X388.jpg,Wayne Rooney,2.97700906094
1519,Grece,http://a.espncdn.com/photo/2017/0510/002_01_LEBRON_600X388.jpg,LeBron James,2.94214154553
7099,Grece,http://a.espncdn.com/photo/2017/0525/055_WILSON_600.jpg,Russell Wilson,2.94152350342
6134,Greece,http://a.espncdn.com/photo/2017/0510/031_01_ROONEY_600X388.jpg,Wayne Rooney,3.36848958333
7622,Greece,http://a.espncdn.com/photo/2017/0510/025_01_MCGREGOR_600X388.jpg,Conor McGregor,3.0
2414,Greece,http://a.espncdn.com/photo/2017/0511/048_01_BILES_600X388.jpg,Simone Biles,2.76600492641
13576,Greece,http://a.espncdn.com/photo/2017/0523/090_03_SINGH_600.jpg,Yuvraj Singh,2.7281590965
3530,Greece,http://a.espncdn.com/photo/2017/0510/023_01_SHARAPOVA_600X388.jpg,Maria Sharapova,2.67939267037
13431,Guam,http://a.espncdn.com/photo/2017/0523/090_03_SINGH_600.jpg,Yuvraj Singh,2.97333941839
4501,Guam,http://a.espncdn.com/photo/2017/0516/099_01_SCOTT_600.jpg,Adam Scott,2.90362483221
2827,Guam,http://a.espncdn.com/photo/2017/0516/097_01_NEUER_600.jpg,Manuel Neuer,2.89465869423
11013,Guam,http://a.espncdn.com/photo/2017/0511/045_01_BENZEMA_600X388.jpg,Karim Benzema,2.89099261288
8965,Guam,http://a.espncdn.com/photo/2017/0515/064_01_BECKHAM_600.jpg,Odell Beckham Jr.,2.88056424996
13411,Guatemala,http://a.espncdn.com/photo/2017/0523/090_03_SINGH_600.jpg,Yuvraj Singh,2.87254169984
8573,Guatemala,http://a.espncdn.com/photo/2017/0510/024_01_WADE_600X388.jpg,Dwyane Wade,2.84200914464
11365,Guatemala,http://a.espncdn.com/photo/2017/0510/033_01_ROSE_600X388.jpg,Derrick Rose,2.82161853199
14155,Guatemala,http://a.espncdn.com/photo/2017/0522/BALE_600x388.jpg,Gareth Bale,2.80780940425
1877,Guatemala,http://a.espncdn.com/photo/2017/0523/087_02_WOZNIACKI_600.jpg,Caroline Wozniacki,2.80775841093
6069,Haiti,http://a.espncdn.com/photo/2017/0510/031_01_ROONEY_600X388.jpg,Wayne Rooney,3.33333333333
13511,Haiti,http://a.espncdn.com/photo/2017/0523/090_03_SINGH_600.jpg,Yuvraj Singh,3.00292455144
9045,Haiti,http://a.espncdn.com/photo/2017/0515/064_01_BECKHAM_600.jpg,Odell Beckham Jr.,2.92449832512
11093,Haiti,http://a.espncdn.com/photo/2017/0511/045_01_BENZEMA_600X388.jpg,Karim Benzema,2.91692831602
2535,Haiti,http://a.espncdn.com/photo/2017/0515/069_01_EARNHARDTJR_600.jpg,Dale Earnhardt Jr.,2.9159088341
5754,Hashemite Kingdom of Jordan,http://a.espncdn.com/photo/2017/0510/032_01_MURRAY_600X388.jpg,Andy Murray,5.0
9102,Hashemite Kingdom of Jordan,http://a.espncdn.com/photo/2017/0515/064_01_BECKHAM_600.jpg,Odell Beckham Jr.,3.17046532336
13568,Hashemite Kingdom of Jordan,http://a.espncdn.com/photo/2017/0523/090_03_SINGH_600.jpg,Yuvraj Singh,3.15182780288
11150,Hashemite Kingdom of Jordan,http://a.espncdn.com/photo/2017/0511/045_01_BENZEMA_600X388.jpg,Karim Benzema,3.14235108195
6312,Hashemite Kingdom of Jordan,http://a.espncdn.com/photo/2017/0523/068_05_LOCHTE_600_NEW.jpg,Ryan Lochte,3.08807346028
6071,Hong Kong,http://a.espncdn.com/photo/2017/0510/031_01_ROONEY_600X388.jpg,Wayne Rooney,3.75
13513,Hong Kong,http://a.espncdn.com/photo/2017/0523/090_03_SINGH_600.jpg,Yuvraj Singh,2.87803602182
7559,Hong Kong,http://a.espncdn.com/photo/2017/0510/025_01_MCGREGOR_600X388.jpg,Conor McGregor,2.75
2537,Hong Kong,http://a.espncdn.com/photo/2017/0515/069_01_EARNHARDTJR_600.jpg,Dale Earnhardt Jr.,2.74806792849
1607,Hong Kong,http://a.espncdn.com/photo/2017/0510/002_01_LEBRON_600X388.jpg,LeBron James,2.72568093523
6683,Hungary,http://a.espncdn.com/photo/2017/0510/009_01_NADAL_600X388.jpg,Rafael Nadal,3.59375
13567,Hungary,http://a.espncdn.com/photo/2017/0523/090_03_SINGH_600.jpg,Yuvraj Singh,3.11169493946
7241,Hungary,http://a.espncdn.com/photo/2017/0525/055_WILSON_600.jpg,Russell Wilson,3.0264010783
6311,Hungary,http://a.espncdn.com/photo/2017/0523/068_05_LOCHTE_600_NEW.jpg,Ryan Lochte,3.02586940791
7427,Hungary,http://a.espncdn.com/photo/2017/0510/004_01_FEDERER_600X388.jpg,Roger Federer,3.02257229866
1527,India,http://a.espncdn.com/photo/2017/0510/002_01_LEBRON_600X388.jpg,LeBron James,4.25
10083,India,http://a.espncdn.com/photo/2017/0510/019_01_SERENA_600X388.jpg,Serena Williams,3.375
14177,India,http://a.espncdn.com/photo/2017/0522/BALE_600x388.jpg,Gareth Bale,3.34583333333
12503,India,http://a.espncdn.com/photo/2017/0510/035_01_WESTBROOK_600X388.jpg,Russell Westbrook,3.26388888889
4131,India,http://a.espncdn.com/photo/2017/0525/013_02_kohli_600X388.jpg,Virat Kohli,3.08663504464
10120,Indonesia,http://a.espncdn.com/photo/2017/0510/019_01_SERENA_600X388.jpg,Serena Williams,5.0
10864,Indonesia,http://a.espncdn.com/photo/2017/0510/027_01_HARDEN_600X388.jpg,James Harden,5.0
13284,Indonesia,http://a.espncdn.com/photo/2017/0510/010_01_TIGER_600X388.jpg,Tiger Woods,4.39583333333
11238,Indonesia,http://a.espncdn.com/photo/2017/0515/059_02_PACQUIAO_600.jpg,Manny Pacquiao,4.375
262,Indonesia,http://a.espncdn.com/photo/2017/0529/057_02_alves_600.jpg,Dani Alves,3.75
13512,Iraq,http://a.espncdn.com/photo/2017/0523/090_03_SINGH_600.jpg,Yuvraj Singh,3.0062245391
7186,Iraq,http://a.espncdn.com/photo/2017/0525/055_WILSON_600.jpg,Russell Wilson,2.91306603673
13698,Iraq,http://a.espncdn.com/photo/2017/0515/053_01_LUIZ_600.jpg,David Luiz,2.90367611028
6070,Iraq,http://a.espncdn.com/photo/2017/0510/031_01_ROONEY_600X388.jpg,Wayne Rooney,2.8893642298
11094,Iraq,http://a.espncdn.com/photo/2017/0511/045_01_BENZEMA_600X388.jpg,Karim Benzema,2.87899878845
6242,Ireland,http://a.espncdn.com/photo/2017/0523/068_05_LOCHTE_600_NEW.jpg,Ryan Lochte,3.75
13312,Ireland,http://a.espncdn.com/photo/2017/0510/010_01_TIGER_600X388.jpg,Tiger Woods,3.625
6614,Ireland,http://a.espncdn.com/photo/2017/0510/009_01_NADAL_600X388.jpg,Rafael Nadal,3.50462962963
11452,Ireland,http://a.espncdn.com/photo/2017/0510/033_01_ROSE_600X388.jpg,Derrick Rose,3.5
1220,Ireland,http://a.espncdn.com/photo/2017/0511/047_01_NEWTON_600X388.jpg,Cam Newton,3.1875
13490,Irlanda,http://a.espncdn.com/photo/2017/0523/090_03_SINGH_600.jpg,Yuvraj Singh,2.95478298567
1584,Irlanda,http://a.espncdn.com/photo/2017/0510/002_01_LEBRON_600X388.jpg,LeBron James,2.90758987643
10140,Irlanda,http://a.espncdn.com/photo/2017/0510/019_01_SERENA_600X388.jpg,Serena Williams,2.89712685358
2514,Irlanda,http://a.espncdn.com/photo/2017/0515/069_01_EARNHARDTJR_600.jpg,Dale Earnhardt Jr.,2.89035117827
2886,Irlanda,http://a.espncdn.com/photo/2017/0516/097_01_NEUER_600.jpg,Manuel Neuer,2.88969757698
7165,Irlande,http://a.espncdn.com/photo/2017/0525/055_WILSON_600.jpg,Russell Wilson,3.25
8653,Irlande,http://a.espncdn.com/photo/2017/0510/024_01_WADE_600X388.jpg,Dwyane Wade,3.06909000262
1957,Irlande,http://a.espncdn.com/photo/2017/0523/087_02_WOZNIACKI_600.jpg,Caroline Wozniacki,3.06605280078
6235,Irlande,http://a.espncdn.com/photo/2017/0523/068_05_LOCHTE_600_NEW.jpg,Ryan Lochte,3.02308536287
7351,Irlande,http://a.espncdn.com/photo/2017/0510/004_01_FEDERER_600X388.jpg,Roger Federer,3.00619469845
7389,Isle of Man,http://a.espncdn.com/photo/2017/0510/004_01_FEDERER_600X388.jpg,Roger Federer,2.6566348917
10179,Isle of Man,http://a.espncdn.com/photo/2017/0510/019_01_SERENA_600X388.jpg,Serena Williams,2.6481048016
2367,Isle of Man,http://a.espncdn.com/photo/2017/0511/048_01_BILES_600X388.jpg,Simone Biles,2.64231139124
1995,Isle of Man,http://a.espncdn.com/photo/2017/0523/087_02_WOZNIACKI_600.jpg,Caroline Wozniacki,2.62353453188
1623,Isle of Man,http://a.espncdn.com/photo/2017/0510/002_01_LEBRON_600X388.jpg,LeBron James,2.62066921349
6110,Israel,http://a.espncdn.com/photo/2017/0510/031_01_ROONEY_600X388.jpg,Wayne Rooney,3.125
7412,Israel,http://a.espncdn.com/photo/2017/0510/004_01_FEDERER_600X388.jpg,Roger Federer,2.95125106376
6296,Israel,http://a.espncdn.com/photo/2017/0523/068_05_LOCHTE_600_NEW.jpg,Ryan Lochte,2.93163375869
13552,Israel,http://a.espncdn.com/photo/2017/0523/090_03_SINGH_600.jpg,Yuvraj Singh,2.92647246357
2948,Israel,http://a.espncdn.com/photo/2017/0516/097_01_NEUER_600.jpg,Manuel Neuer,2.92097479877
8980,Italia,http://a.espncdn.com/photo/2017/0515/064_01_BECKHAM_600.jpg,Odell Beckham Jr.,2.87014747105
2842,Italia,http://a.espncdn.com/photo/2017/0516/097_01_NEUER_600.jpg,Manuel Neuer,2.85417534482
13446,Italia,http://a.espncdn.com/photo/2017/0523/090_03_SINGH_600.jpg,Yuvraj Singh,2.85324246863
11028,Italia,http://a.espncdn.com/photo/2017/0511/045_01_BENZEMA_600X388.jpg,Karim Benzema,2.83075662403
5074,Italia,http://a.espncdn.com/photo/2017/0516/092_02_MASSAH_600.jpg,Felipe Massa,2.82730677407
7489,Italie,http://a.espncdn.com/photo/2017/0510/025_01_MCGREGOR_600X388.jpg,Conor McGregor,3.125
1537,Italie,http://a.espncdn.com/photo/2017/0510/002_01_LEBRON_600X388.jpg,LeBron James,3.03478371247
13443,Italie,http://a.espncdn.com/photo/2017/0523/090_03_SINGH_600.jpg,Yuvraj Singh,3.00087218697
8977,Italie,http://a.espncdn.com/photo/2017/0515/064_01_BECKHAM_600.jpg,Odell Beckham Jr.,2.99907023772
7303,Italie,http://a.espncdn.com/photo/2017/0510/004_01_FEDERER_600X388.jpg,Roger Federer,2.9918995731
6660,Italy,http://a.espncdn.com/photo/2017/0510/009_01_NADAL_600X388.jpg,Rafael Nadal,4.5
5730,Italy,http://a.espncdn.com/photo/2017/0510/032_01_MURRAY_600X388.jpg,Andy Murray,3.75
13544,Italy,http://a.espncdn.com/photo/2017/0523/090_03_SINGH_600.jpg,Yuvraj Singh,3.19415800795
11126,Italy,http://a.espncdn.com/photo/2017/0511/045_01_BENZEMA_600X388.jpg,Karim Benzema,3.18885095494
4614,Italy,http://a.espncdn.com/photo/2017/0516/099_01_SCOTT_600.jpg,Adam Scott,3.16335980476
4312,Jamaica,http://a.espncdn.com/photo/2017/0510/008_01_DURANT_600X388.jpg,Kevin Durant,4.5
5986,Jamaica,http://a.espncdn.com/photo/2017/0510/031_01_ROONEY_600X388.jpg,Wayne Rooney,4.08333333333
12684,Jamaica,http://a.espncdn.com/photo/2017/0515/074_01_WATT_600.jpg,J.J. Watt,3.5
3940,Jamaica,http://a.espncdn.com/photo/2017/0525/007_02_bolt_600X388.jpg,Usain Bolt,3.375
13428,Jamaica,http://a.espncdn.com/photo/2017/0523/090_03_SINGH_600.jpg,Yuvraj Singh,3.16866144859
12559,Japan,http://a.espncdn.com/photo/2017/0510/035_01_WESTBROOK_600X388.jpg,Russell Westbrook,3.8
7349,Japan,http://a.espncdn.com/photo/2017/0510/004_01_FEDERER_600X388.jpg,Roger Federer,3.40104166667
13489,Japan,http://a.espncdn.com/photo/2017/0523/090_03_SINGH_600.jpg,Yuvraj Singh,2.97891194815
1583,Japan,http://a.espncdn.com/photo/2017/0510/002_01_LEBRON_600X388.jpg,LeBron James,2.97032421112
2327,Japan,http://a.espncdn.com/photo/2017/0511/048_01_BILES_600X388.jpg,Simone Biles,2.9116079498
13561,Kazakhstan,http://a.espncdn.com/photo/2017/0523/090_03_SINGH_600.jpg,Yuvraj Singh,2.71881434522
4631,Kazakhstan,http://a.espncdn.com/photo/2017/0516/099_01_SCOTT_600.jpg,Adam Scott,2.66608216466
13747,Kazakhstan,http://a.espncdn.com/photo/2017/0515/053_01_LUIZ_600.jpg,David Luiz,2.65973572837
7235,Kazakhstan,http://a.espncdn.com/photo/2017/0525/055_WILSON_600.jpg,Russell Wilson,2.65872251131
8723,Kazakhstan,http://a.espncdn.com/photo/2017/0510/024_01_WADE_600X388.jpg,Dwyane Wade,2.65869423418
1640,Kenia,http://a.espncdn.com/photo/2017/0510/002_01_LEBRON_600X388.jpg,LeBron James,2.99677749082
13546,Kenia,http://a.espncdn.com/photo/2017/0523/090_03_SINGH_600.jpg,Yuvraj Singh,2.94245214046
11128,Kenia,http://a.espncdn.com/photo/2017/0511/045_01_BENZEMA_600X388.jpg,Karim Benzema,2.87684307317
9080,Kenia,http://a.espncdn.com/photo/2017/0515/064_01_BECKHAM_600.jpg,Odell Beckham Jr.,2.86560145357
8708,Kenia,http://a.espncdn.com/photo/2017/0510/024_01_WADE_600X388.jpg,Dwyane Wade,2.8639884808
10830,Kenya,http://a.espncdn.com/photo/2017/0510/027_01_HARDEN_600X388.jpg,James Harden,4.0
9714,Kenya,http://a.espncdn.com/photo/2017/0525/021_02_brady_600X388.jpg,Tom Brady,3.875
11576,Kenya,http://a.espncdn.com/photo/2017/0510/012_01_DJOKOVIC_600X388.jpg,Novak Djokovic,3.375
13436,Kenya,http://a.espncdn.com/photo/2017/0523/090_03_SINGH_600.jpg,Yuvraj Singh,3.16773834341
3948,Kenya,http://a.espncdn.com/photo/2017/0525/007_02_bolt_600X388.jpg,Usain Bolt,3.125
6105,Kingdom of Saudi Arabia,http://a.espncdn.com/photo/2017/0510/031_01_ROONEY_600X388.jpg,Wayne Rooney,3.75
13547,Kingdom of Saudi Arabia,http://a.espncdn.com/photo/2017/0523/090_03_SINGH_600.jpg,Yuvraj Singh,2.8906797352
11129,Kingdom of Saudi Arabia,http://a.espncdn.com/photo/2017/0511/045_01_BENZEMA_600X388.jpg,Karim Benzema,2.89017623854
4617,Kingdom of Saudi Arabia,http://a.espncdn.com/photo/2017/0516/099_01_SCOTT_600.jpg,Adam Scott,2.85226211778
9081,Kingdom of Saudi Arabia,http://a.espncdn.com/photo/2017/0515/064_01_BECKHAM_600.jpg,Odell Beckham Jr.,2.83871077978
13531,Kosovo,http://a.espncdn.com/photo/2017/0523/090_03_SINGH_600.jpg,Yuvraj Singh,2.7813110243
9623,Kosovo,http://a.espncdn.com/photo/2017/0515/086_01_JOHNSON_600.png,Jimmie Johnson,2.76579944302
2555,Kosovo,http://a.espncdn.com/photo/2017/0515/069_01_EARNHARDTJR_600.jpg,Dale Earnhardt Jr.,2.74390437911
5903,Kosovo,http://a.espncdn.com/photo/2017/0510/042_01_WAWRINKA_600X388.jpg,Stan Wawrinka,2.73237038754
509,Kosovo,http://a.espncdn.com/photo/2017/0516/096_01_RAINA_600.jpg,Suresh Raina,2.72695981744
13448,Kroatie,http://a.espncdn.com/photo/2017/0523/090_03_SINGH_600.jpg,Yuvraj Singh,3.03094306572
4518,Kroatie,http://a.espncdn.com/photo/2017/0516/099_01_SCOTT_600.jpg,Adam Scott,2.93044427235
8982,Kroatie,http://a.espncdn.com/photo/2017/0515/064_01_BECKHAM_600.jpg,Odell Beckham Jr.,2.91353501868
9540,Kroatie,http://a.espncdn.com/photo/2017/0515/086_01_JOHNSON_600.png,Jimmie Johnson,2.90761032331
7122,Kroatie,http://a.espncdn.com/photo/2017/0525/055_WILSON_600.jpg,Russell Wilson,2.8994809745
13492,Kuwait,http://a.espncdn.com/photo/2017/0523/090_03_SINGH_600.jpg,Yuvraj Singh,2.90208636487
8654,Kuwait,http://a.espncdn.com/photo/2017/0510/024_01_WADE_600X388.jpg,Dwyane Wade,2.89484181939
11074,Kuwait,http://a.espncdn.com/photo/2017/0511/045_01_BENZEMA_600X388.jpg,Karim Benzema,2.89007972656
4562,Kuwait,http://a.espncdn.com/photo/2017/0516/099_01_SCOTT_600.jpg,Adam Scott,2.86882033039
13678,Kuwait,http://a.espncdn.com/photo/2017/0515/053_01_LUIZ_600.jpg,David Luiz,2.84801964727
10216,Latvia,http://a.espncdn.com/photo/2017/0510/019_01_SERENA_600X388.jpg,Serena Williams,3.91666666667
1660,Latvia,http://a.espncdn.com/photo/2017/0510/002_01_LEBRON_600X388.jpg,LeBron James,3.09972957043
13566,Latvia,http://a.espncdn.com/photo/2017/0523/090_03_SINGH_600.jpg,Yuvraj Singh,3.09151422959
2962,Latvia,http://a.espncdn.com/photo/2017/0516/097_01_NEUER_600.jpg,Manuel Neuer,3.05331356994
11148,Latvia,http://a.espncdn.com/photo/2017/0511/045_01_BENZEMA_600X388.jpg,Karim Benzema,3.03220629573
2744,Lebanon,http://a.espncdn.com/photo/2017/0510/001_01_RONALDO_600X388.jpg,Cristiano Ronaldo,3.16666666667
6092,Lebanon,http://a.espncdn.com/photo/2017/0510/031_01_ROONEY_600X388.jpg,Wayne Rooney,3.16666666667
5720,Lebanon,http://a.espncdn.com/photo/2017/0510/032_01_MURRAY_600X388.jpg,Andy Murray,3.125
13534,Lebanon,http://a.espncdn.com/photo/2017/0523/090_03_SINGH_600.jpg,Yuvraj Singh,3.0932936882
1628,Lebanon,http://a.espncdn.com/photo/2017/0510/002_01_LEBRON_600X388.jpg,LeBron James,2.98636360652
13469,Libya,http://a.espncdn.com/photo/2017/0523/090_03_SINGH_600.jpg,Yuvraj Singh,2.94214041793
1563,Libya,http://a.espncdn.com/photo/2017/0510/002_01_LEBRON_600X388.jpg,LeBron James,2.87675820379
9003,Libya,http://a.espncdn.com/photo/2017/0515/064_01_BECKHAM_600.jpg,Odell Beckham Jr.,2.84816119633
5841,Libya,http://a.espncdn.com/photo/2017/0510/042_01_WAWRINKA_600X388.jpg,Stan Wawrinka,2.84499113923
11051,Libya,http://a.espncdn.com/photo/2017/0511/045_01_BENZEMA_600X388.jpg,Karim Benzema,2.82278708203
845,Luxembourg,http://a.espncdn.com/photo/2017/0515/066_01_HOWARD_600.jpg,Dwight Howard,5.0
13495,Luxembourg,http://a.espncdn.com/photo/2017/0523/090_03_SINGH_600.jpg,Yuvraj Singh,3.29866201764
1589,Luxembourg,http://a.espncdn.com/photo/2017/0510/002_01_LEBRON_600X388.jpg,LeBron James,3.26780790291
7355,Luxembourg,http://a.espncdn.com/photo/2017/0510/004_01_FEDERER_600X388.jpg,Roger Federer,3.22864826009
9029,Luxembourg,http://a.espncdn.com/photo/2017/0515/064_01_BECKHAM_600.jpg,Odell Beckham Jr.,3.22319537629
7312,Luxemburg,http://a.espncdn.com/photo/2017/0510/004_01_FEDERER_600X388.jpg,Roger Federer,3.80208333333
13452,Luxemburg,http://a.espncdn.com/photo/2017/0523/090_03_SINGH_600.jpg,Yuvraj Singh,3.08912691777
1546,Luxemburg,http://a.espncdn.com/photo/2017/0510/002_01_LEBRON_600X388.jpg,LeBron James,3.04579050165
10102,Luxemburg,http://a.espncdn.com/photo/2017/0510/019_01_SERENA_600X388.jpg,Serena Williams,3.03188409858
9544,Luxemburg,http://a.espncdn.com/photo/2017/0515/086_01_JOHNSON_600.png,Jimmie Johnson,3.01194139162
7455,Magyarorszag,http://a.espncdn.com/photo/2017/0510/025_01_MCGREGOR_600X388.jpg,Conor McGregor,3.125
8943,Magyarorszag,http://a.espncdn.com/photo/2017/0515/064_01_BECKHAM_600.jpg,Odell Beckham Jr.,3.04529013466
13409,Magyarorszag,http://a.espncdn.com/photo/2017/0523/090_03_SINGH_600.jpg,Yuvraj Singh,3.03911811256
5781,Magyarorszag,http://a.espncdn.com/photo/2017/0510/042_01_WAWRINKA_600X388.jpg,Stan Wawrinka,3.01009954993
8571,Magyarorszag,http://a.espncdn.com/photo/2017/0510/024_01_WADE_600X388.jpg,Dwyane Wade,3.00420138907
13399,Malasia,http://a.espncdn.com/photo/2017/0523/090_03_SINGH_600.jpg,Yuvraj Singh,2.93140429523
2795,Malasia,http://a.espncdn.com/photo/2017/0516/097_01_NEUER_600.jpg,Manuel Neuer,2.91991285225
7073,Malasia,http://a.espncdn.com/photo/2017/0525/055_WILSON_600.jpg,Russell Wilson,2.90165220453
9491,Malasia,http://a.espncdn.com/photo/2017/0515/086_01_JOHNSON_600.png,Jimmie Johnson,2.88418143569
1493,Malasia,http://a.espncdn.com/photo/2017/0510/002_01_LEBRON_600X388.jpg,LeBron James,2.88363189612
7311,Malawi,http://a.espncdn.com/photo/2017/0510/004_01_FEDERER_600X388.jpg,Roger Federer,4.16666666667
6009,Malawi,http://a.espncdn.com/photo/2017/0510/031_01_ROONEY_600X388.jpg,Wayne Rooney,4.08333333333
10101,Malawi,http://a.espncdn.com/photo/2017/0510/019_01_SERENA_600X388.jpg,Serena Williams,3.28125
13451,Malawi,http://a.espncdn.com/photo/2017/0523/090_03_SINGH_600.jpg,Yuvraj Singh,3.20378780733
1545,Malawi,http://a.espncdn.com/photo/2017/0510/002_01_LEBRON_600X388.jpg,LeBron James,3.11843423803
6787,Malaysia,http://a.espncdn.com/photo/2017/0510/005_01_MICKELSON_600X388.jpg,Phil Mickelson,5.0
13671,Malaysia,http://a.espncdn.com/photo/2017/0515/053_01_LUIZ_600.jpg,David Luiz,5.0
649,Malaysia,http://a.espncdn.com/photo/2017/0515/085_01_HAMILTON_600.jpg,Lewis Hamilton,4.58333333333
5113,Malaysia,http://a.espncdn.com/photo/2017/0516/092_02_MASSAH_600.jpg,Felipe Massa,3.75
14601,Malaysia,http://a.espncdn.com/photo/2017/0510/014_01_MCILROY_600X388.jpg,Rory McIlroy,3.75
13418,Maldives,http://a.espncdn.com/photo/2017/0523/090_03_SINGH_600.jpg,Yuvraj Singh,2.90223113618
8952,Maldives,http://a.espncdn.com/photo/2017/0515/064_01_BECKHAM_600.jpg,Odell Beckham Jr.,2.80984877325
11000,Maldives,http://a.espncdn.com/photo/2017/0511/045_01_BENZEMA_600X388.jpg,Karim Benzema,2.80678455576
5976,Maldives,http://a.espncdn.com/photo/2017/0510/031_01_ROONEY_600X388.jpg,Wayne Rooney,2.79798643295
1512,Maldives,http://a.espncdn.com/photo/2017/0510/002_01_LEBRON_600X388.jpg,LeBron James,2.79436257223
6106,Malta,http://a.espncdn.com/photo/2017/0510/031_01_ROONEY_600X388.jpg,Wayne Rooney,3.5
13548,Malta,http://a.espncdn.com/photo/2017/0523/090_03_SINGH_600.jpg,Yuvraj Singh,3.24498948774
1642,Malta,http://a.espncdn.com/photo/2017/0510/002_01_LEBRON_600X388.jpg,LeBron James,3.13115590337
9640,Malta,http://a.espncdn.com/photo/2017/0515/086_01_JOHNSON_600.png,Jimmie Johnson,3.1073233712
7222,Malta,http://a.espncdn.com/photo/2017/0525/055_WILSON_600.jpg,Russell Wilson,3.08100074911
13422,Martinique,http://a.espncdn.com/photo/2017/0523/090_03_SINGH_600.jpg,Yuvraj Singh,2.89940385193
7096,Martinique,http://a.espncdn.com/photo/2017/0525/055_WILSON_600.jpg,Russell Wilson,2.79152381531
13608,Martinique,http://a.espncdn.com/photo/2017/0515/053_01_LUIZ_600.jpg,David Luiz,2.75369982138
11004,Martinique,http://a.espncdn.com/photo/2017/0511/045_01_BENZEMA_600X388.jpg,Karim Benzema,2.74930417271
4492,Martinique,http://a.espncdn.com/photo/2017/0516/099_01_SCOTT_600.jpg,Adam Scott,2.7414037901
13563,Mauritania,http://a.espncdn.com/photo/2017/0523/090_03_SINGH_600.jpg,Yuvraj Singh,2.98384878017
7237,Mauritania,http://a.espncdn.com/photo/2017/0525/055_WILSON_600.jpg,Russell Wilson,2.91833536229
2029,Mauritania,http://a.espncdn.com/photo/2017/0523/087_02_WOZNIACKI_600.jpg,Caroline Wozniacki,2.89779369136
4633,Mauritania,http://a.espncdn.com/photo/2017/0516/099_01_SCOTT_600.jpg,Adam Scott,2.89682746516
6307,Mauritania,http://a.espncdn.com/photo/2017/0523/068_05_LOCHTE_600_NEW.jpg,Ryan Lochte,2.89160056314
12269,Mexico,http://a.espncdn.com/photo/2017/0515/056_03_RODGERS_600.jpg,Aaron Rodgers,5.0
10965,Mexico,http://a.espncdn.com/photo/2017/0510/027_01_HARDEN_600X388.jpg,James Harden,3.19973544974
13571,Mexico,http://a.espncdn.com/photo/2017/0523/090_03_SINGH_600.jpg,Yuvraj Singh,2.94171829339
8547,Mexico,http://a.espncdn.com/photo/2017/0523/052_04_BREES_600.jpg,Drew Brees,2.9375
1665,Mexico,http://a.espncdn.com/photo/2017/0510/002_01_LEBRON_600X388.jpg,LeBron James,2.8938981841
10172,Moldova,http://a.espncdn.com/photo/2017/0510/019_01_SERENA_600X388.jpg,Serena Williams,2.98463745199
2918,Moldova,http://a.espncdn.com/photo/2017/0516/097_01_NEUER_600.jpg,Manuel Neuer,2.96620202576
9614,Moldova,http://a.espncdn.com/photo/2017/0515/086_01_JOHNSON_600.png,Jimmie Johnson,2.94234895226
13522,Moldova,http://a.espncdn.com/photo/2017/0523/090_03_SINGH_600.jpg,Yuvraj Singh,2.92133880665
4592,Moldova,http://a.espncdn.com/photo/2017/0516/099_01_SCOTT_600.jpg,Adam Scott,2.91907138852
13524,Morocco,http://a.espncdn.com/photo/2017/0523/090_03_SINGH_600.jpg,Yuvraj Singh,2.91134316075
7384,Morocco,http://a.espncdn.com/photo/2017/0510/004_01_FEDERER_600X388.jpg,Roger Federer,2.90276199339
6268,Morocco,http://a.espncdn.com/photo/2017/0523/068_05_LOCHTE_600_NEW.jpg,Ryan Lochte,2.89257107611
2362,Morocco,http://a.espncdn.com/photo/2017/0511/048_01_BILES_600X388.jpg,Simone Biles,2.8873922083
9058,Morocco,http://a.espncdn.com/photo/2017/0515/064_01_BECKHAM_600.jpg,Odell Beckham Jr.,2.8792713856
7616,Myanmar,http://a.espncdn.com/photo/2017/0510/025_01_MCGREGOR_600X388.jpg,Conor McGregor,3.125
13570,Myanmar,http://a.espncdn.com/photo/2017/0523/090_03_SINGH_600.jpg,Yuvraj Singh,3.00568411422
1664,Myanmar,http://a.espncdn.com/photo/2017/0510/002_01_LEBRON_600X388.jpg,LeBron James,2.98822336949
11152,Myanmar,http://a.espncdn.com/photo/2017/0511/045_01_BENZEMA_600X388.jpg,Karim Benzema,2.97144569516
6128,Myanmar,http://a.espncdn.com/photo/2017/0510/031_01_ROONEY_600X388.jpg,Wayne Rooney,2.93530997309
10175,Namibia,http://a.espncdn.com/photo/2017/0510/019_01_SERENA_600X388.jpg,Serena Williams,4.0
6083,Namibia,http://a.espncdn.com/photo/2017/0510/031_01_ROONEY_600X388.jpg,Wayne Rooney,2.96244855967
9617,Namibia,http://a.espncdn.com/photo/2017/0515/086_01_JOHNSON_600.png,Jimmie Johnson,2.92760130321
2921,Namibia,http://a.espncdn.com/photo/2017/0516/097_01_NEUER_600.jpg,Manuel Neuer,2.92754668086
13525,Namibia,http://a.espncdn.com/photo/2017/0523/090_03_SINGH_600.jpg,Yuvraj Singh,2.91998011297
1502,Nederland,http://a.espncdn.com/photo/2017/0510/002_01_LEBRON_600X388.jpg,LeBron James,2.72147606028
13408,Nederland,http://a.espncdn.com/photo/2017/0523/090_03_SINGH_600.jpg,Yuvraj Singh,2.6706113789
4478,Nederland,http://a.espncdn.com/photo/2017/0516/099_01_SCOTT_600.jpg,Adam Scott,2.65340021245
386,Nederland,http://a.espncdn.com/photo/2017/0516/096_01_RAINA_600.jpg,Suresh Raina,2.62208092716
7454,Nederland,http://a.espncdn.com/photo/2017/0510/025_01_MCGREGOR_600X388.jpg,Conor McGregor,2.60714285714
13462,Nederlanderna,http://a.espncdn.com/photo/2017/0523/090_03_SINGH_600.jpg,Yuvraj Singh,2.91515881498
2858,Nederlanderna,http://a.espncdn.com/photo/2017/0516/097_01_NEUER_600.jpg,Manuel Neuer,2.91387380706
1556,Nederlanderna,http://a.espncdn.com/photo/2017/0510/002_01_LEBRON_600X388.jpg,LeBron James,2.89377914777
8996,Nederlanderna,http://a.espncdn.com/photo/2017/0515/064_01_BECKHAM_600.jpg,Odell Beckham Jr.,2.87834777481
6206,Nederlanderna,http://a.espncdn.com/photo/2017/0523/068_05_LOCHTE_600_NEW.jpg,Ryan Lochte,2.87718497392
13532,Negara Brunei Darussalam,http://a.espncdn.com/photo/2017/0523/090_03_SINGH_600.jpg,Yuvraj Singh,2.92697500763
11114,Negara Brunei Darussalam,http://a.espncdn.com/photo/2017/0511/045_01_BENZEMA_600X388.jpg,Karim Benzema,2.92070156767
7392,Negara Brunei Darussalam,http://a.espncdn.com/photo/2017/0510/004_01_FEDERER_600X388.jpg,Roger Federer,2.91727825779
10182,Negara Brunei Darussalam,http://a.espncdn.com/photo/2017/0510/019_01_SERENA_600X388.jpg,Serena Williams,2.90636915243
5904,Negara Brunei Darussalam,http://a.espncdn.com/photo/2017/0510/042_01_WAWRINKA_600X388.jpg,Stan Wawrinka,2.88579116161
13569,Nepal,http://a.espncdn.com/photo/2017/0523/090_03_SINGH_600.jpg,Yuvraj Singh,2.9160062758
1663,Nepal,http://a.espncdn.com/photo/2017/0510/002_01_LEBRON_600X388.jpg,LeBron James,2.84499481093
11151,Nepal,http://a.espncdn.com/photo/2017/0511/045_01_BENZEMA_600X388.jpg,Karim Benzema,2.82538665356
9103,Nepal,http://a.espncdn.com/photo/2017/0515/064_01_BECKHAM_600.jpg,Odell Beckham Jr.,2.81034871445
5941,Nepal,http://a.espncdn.com/photo/2017/0510/042_01_WAWRINKA_600X388.jpg,Stan Wawrinka,2.79257224114
218,New Zealand,http://a.espncdn.com/photo/2017/0529/057_02_alves_600.jpg,Dani Alves,3.75
13426,New Zealand,http://a.espncdn.com/photo/2017/0523/090_03_SINGH_600.jpg,Yuvraj Singh,2.98054219245
1520,New Zealand,http://a.espncdn.com/photo/2017/0510/002_01_LEBRON_600X388.jpg,LeBron James,2.95160768873
10076,New Zealand,http://a.espncdn.com/photo/2017/0510/019_01_SERENA_600X388.jpg,Serena Williams,2.94405582141
7286,New Zealand,http://a.espncdn.com/photo/2017/0510/004_01_FEDERER_600X388.jpg,Roger Federer,2.91226976322
11066,Nicaragua,http://a.espncdn.com/photo/2017/0511/045_01_BENZEMA_600X388.jpg,Karim Benzema,2.8369870708
1578,Nicaragua,http://a.espncdn.com/photo/2017/0510/002_01_LEBRON_600X388.jpg,LeBron James,2.82257858735
9018,Nicaragua,http://a.espncdn.com/photo/2017/0515/064_01_BECKHAM_600.jpg,Odell Beckham Jr.,2.81799932061
13484,Nicaragua,http://a.espncdn.com/photo/2017/0523/090_03_SINGH_600.jpg,Yuvraj Singh,2.81362760306
1950,Nicaragua,http://a.espncdn.com/photo/2017/0523/087_02_WOZNIACKI_600.jpg,Caroline Wozniacki,2.81124147266
14244,Nigeria,http://a.espncdn.com/photo/2017/0522/BALE_600x388.jpg,Gareth Bale,4.5
3454,Nigeria,http://a.espncdn.com/photo/2017/0510/023_01_SHARAPOVA_600X388.jpg,Maria Sharapova,4.0625
2152,Nigeria,http://a.espncdn.com/photo/2017/0523/039_02b_silva_600x388.jpg,Anderson Silva,4.0
5128,Nigeria,http://a.espncdn.com/photo/2017/0516/092_02_MASSAH_600.jpg,Felipe Massa,3.671875
4012,Nigeria,http://a.espncdn.com/photo/2017/0525/007_02_bolt_600X388.jpg,Usain Bolt,3.41666666667
6030,Norge,http://a.espncdn.com/photo/2017/0510/031_01_ROONEY_600X388.jpg,Wayne Rooney,5.0
13472,Norge,http://a.espncdn.com/photo/2017/0523/090_03_SINGH_600.jpg,Yuvraj Singh,3.25492528314
2868,Norge,http://a.espncdn.com/photo/2017/0516/097_01_NEUER_600.jpg,Manuel Neuer,3.24127241569
1566,Norge,http://a.espncdn.com/photo/2017/0510/002_01_LEBRON_600X388.jpg,LeBron James,3.19915036822
6774,Norge,http://a.espncdn.com/photo/2017/0510/005_01_MICKELSON_600X388.jpg,Phil Mickelson,3.15449683128
13596,Northern Mariana Islands,http://a.espncdn.com/photo/2017/0515/053_01_LUIZ_600.jpg,David Luiz,2.87764009648
13410,Northern Mariana Islands,http://a.espncdn.com/photo/2017/0523/090_03_SINGH_600.jpg,Yuvraj Singh,2.86755001011
10992,Northern Mariana Islands,http://a.espncdn.com/photo/2017/0511/045_01_BENZEMA_600X388.jpg,Karim Benzema,2.84286187652
7270,Northern Mariana Islands,http://a.espncdn.com/photo/2017/0510/004_01_FEDERER_600X388.jpg,Roger Federer,2.8244103379
4480,Northern Mariana Islands,http://a.espncdn.com/photo/2017/0516/099_01_SCOTT_600.jpg,Adam Scott,2.81367908133
12148,Norway,http://a.espncdn.com/photo/2017/0515/056_03_RODGERS_600.jpg,Aaron Rodgers,3.8125
242,Norway,http://a.espncdn.com/photo/2017/0529/057_02_alves_600.jpg,Dani Alves,3.75
13450,Norway,http://a.espncdn.com/photo/2017/0523/090_03_SINGH_600.jpg,Yuvraj Singh,3.07094941391
1544,Norway,http://a.espncdn.com/photo/2017/0510/002_01_LEBRON_600X388.jpg,LeBron James,3.06025751334
8984,Norway,http://a.espncdn.com/photo/2017/0515/064_01_BECKHAM_600.jpg,Odell Beckham Jr.,3.00486485831
1514,Oman,http://a.espncdn.com/photo/2017/0510/002_01_LEBRON_600X388.jpg,LeBron James,2.79194415325
13420,Oman,http://a.espncdn.com/photo/2017/0523/090_03_SINGH_600.jpg,Yuvraj Singh,2.77556577862
7280,Oman,http://a.espncdn.com/photo/2017/0510/004_01_FEDERER_600X388.jpg,Roger Federer,2.70289878777
8954,Oman,http://a.espncdn.com/photo/2017/0515/064_01_BECKHAM_600.jpg,Odell Beckham Jr.,2.69990804699
6164,Oman,http://a.espncdn.com/photo/2017/0523/068_05_LOCHTE_600_NEW.jpg,Ryan Lochte,2.69663083048
6250,Osterreich,http://a.espncdn.com/photo/2017/0523/068_05_LOCHTE_600_NEW.jpg,Ryan Lochte,2.98137068115
13506,Osterreich,http://a.espncdn.com/photo/2017/0523/090_03_SINGH_600.jpg,Yuvraj Singh,2.96304233083
8668,Osterreich,http://a.espncdn.com/photo/2017/0510/024_01_WADE_600X388.jpg,Dwyane Wade,2.94694822213
11460,Osterreich,http://a.espncdn.com/photo/2017/0510/033_01_ROSE_600X388.jpg,Derrick Rose,2.91773066479
9040,Osterreich,http://a.espncdn.com/photo/2017/0515/064_01_BECKHAM_600.jpg,Odell Beckham Jr.,2.90630088144
4675,Pakistan,http://a.espncdn.com/photo/2017/0515/051_01_PAUL_600.jpg,Chris Paul,3.75
7465,Pakistan,http://a.espncdn.com/photo/2017/0510/025_01_MCGREGOR_600X388.jpg,Conor McGregor,3.43779761905
7279,Pakistan,http://a.espncdn.com/photo/2017/0510/004_01_FEDERER_600X388.jpg,Roger Federer,3.33333333333
1885,Pakistan,http://a.espncdn.com/photo/2017/0523/087_02_WOZNIACKI_600.jpg,Caroline Wozniacki,2.9970165165
6163,Pakistan,http://a.espncdn.com/photo/2017/0523/068_05_LOCHTE_600_NEW.jpg,Ryan Lochte,2.98763562857
6051,Panama,http://a.espncdn.com/photo/2017/0510/031_01_ROONEY_600X388.jpg,Wayne Rooney,3.375
13493,Panama,http://a.espncdn.com/photo/2017/0523/090_03_SINGH_600.jpg,Yuvraj Singh,3.10633197071
1587,Panama,http://a.espncdn.com/photo/2017/0510/002_01_LEBRON_600X388.jpg,LeBron James,3.00300167611
7353,Panama,http://a.espncdn.com/photo/2017/0510/004_01_FEDERER_600X388.jpg,Roger Federer,2.98958784281
11075,Panama,http://a.espncdn.com/photo/2017/0511/045_01_BENZEMA_600X388.jpg,Karim Benzema,2.97976990363
6114,Papua New Guinea,http://a.espncdn.com/photo/2017/0510/031_01_ROONEY_600X388.jpg,Wayne Rooney,5.0
13556,Papua New Guinea,http://a.espncdn.com/photo/2017/0523/090_03_SINGH_600.jpg,Yuvraj Singh,3.28613003464
1650,Papua New Guinea,http://a.espncdn.com/photo/2017/0510/002_01_LEBRON_600X388.jpg,LeBron James,3.27603219039
2952,Papua New Guinea,http://a.espncdn.com/photo/2017/0516/097_01_NEUER_600.jpg,Manuel Neuer,3.15859861054
4068,Papua New Guinea,http://a.espncdn.com/photo/2017/0525/007_02_bolt_600X388.jpg,Usain Bolt,3.15331584061
6693,Paraguay,http://a.espncdn.com/photo/2017/0510/009_01_NADAL_600X388.jpg,Rafael Nadal,3.75
10227,Paraguay,http://a.espncdn.com/photo/2017/0510/019_01_SERENA_600X388.jpg,Serena Williams,3.08783524794
3531,Paraguay,http://a.espncdn.com/photo/2017/0510/023_01_SHARAPOVA_600X388.jpg,Maria Sharapova,3.06010763951
4647,Paraguay,http://a.espncdn.com/photo/2017/0516/099_01_SCOTT_600.jpg,Adam Scott,3.05540966856
11531,Paraguay,http://a.espncdn.com/photo/2017/0510/033_01_ROSE_600X388.jpg,Derrick Rose,3.04363605255
11377,People's Republic of China,http://a.espncdn.com/photo/2017/0510/033_01_ROSE_600X388.jpg,Derrick Rose,5.0
5981,People's Republic of China,http://a.espncdn.com/photo/2017/0510/031_01_ROONEY_600X388.jpg,Wayne Rooney,4.41666666667
401,People's Republic of China,http://a.espncdn.com/photo/2017/0516/096_01_RAINA_600.jpg,Suresh Raina,3.54166666667
9515,People's Republic of China,http://a.espncdn.com/photo/2017/0515/086_01_JOHNSON_600.png,Jimmie Johnson,3.37637222001
13423,People's Republic of China,http://a.espncdn.com/photo/2017/0523/090_03_SINGH_600.jpg,Yuvraj Singh,3.34563270658
11401,Peru,http://a.espncdn.com/photo/2017/0510/033_01_ROSE_600X388.jpg,Derrick Rose,3.0
13447,Peru,http://a.espncdn.com/photo/2017/0523/090_03_SINGH_600.jpg,Yuvraj Singh,2.95118982569
1541,Peru,http://a.espncdn.com/photo/2017/0510/002_01_LEBRON_600X388.jpg,LeBron James,2.92784892496
7307,Peru,http://a.espncdn.com/photo/2017/0510/004_01_FEDERER_600X388.jpg,Roger Federer,2.88681567925
6191,Peru,http://a.espncdn.com/photo/2017/0523/068_05_LOCHTE_600_NEW.jpg,Ryan Lochte,2.86915411138
9240,Poland,http://a.espncdn.com/photo/2017/0515/079_01_WALCOTT_600.jpg,Theo Walcott,4.0
13520,Poland,http://a.espncdn.com/photo/2017/0523/090_03_SINGH_600.jpg,Yuvraj Singh,3.04810060577
11102,Poland,http://a.espncdn.com/photo/2017/0511/045_01_BENZEMA_600X388.jpg,Karim Benzema,2.97762601727
4590,Poland,http://a.espncdn.com/photo/2017/0516/099_01_SCOTT_600.jpg,Adam Scott,2.96909593106
10170,Poland,http://a.espncdn.com/photo/2017/0510/019_01_SERENA_600X388.jpg,Serena Williams,2.96577338235
6045,Polonia,http://a.espncdn.com/photo/2017/0510/031_01_ROONEY_600X388.jpg,Wayne Rooney,3.33333333333
2325,Polonia,http://a.espncdn.com/photo/2017/0511/048_01_BILES_600X388.jpg,Simone Biles,3.0041585088
11441,Polonia,http://a.espncdn.com/photo/2017/0510/033_01_ROSE_600X388.jpg,Derrick Rose,2.97565227203
6231,Polonia,http://a.espncdn.com/photo/2017/0523/068_05_LOCHTE_600_NEW.jpg,Ryan Lochte,2.9320051939
13487,Polonia,http://a.espncdn.com/photo/2017/0523/090_03_SINGH_600.jpg,Yuvraj Singh,2.9175039863
13455,Polska,http://a.espncdn.com/photo/2017/0523/090_03_SINGH_600.jpg,Yuvraj Singh,2.93447573683
1549,Polska,http://a.espncdn.com/photo/2017/0510/002_01_LEBRON_600X388.jpg,LeBron James,2.88923245507
4525,Polska,http://a.espncdn.com/photo/2017/0516/099_01_SCOTT_600.jpg,Adam Scott,2.88306710714
8989,Polska,http://a.espncdn.com/photo/2017/0515/064_01_BECKHAM_600.jpg,Odell Beckham Jr.,2.87426347673
11037,Polska,http://a.espncdn.com/photo/2017/0511/045_01_BENZEMA_600X388.jpg,Karim Benzema,2.86027121882
13530,Portugal,http://a.espncdn.com/photo/2017/0523/090_03_SINGH_600.jpg,Yuvraj Singh,2.78900399176
2740,Portugal,http://a.espncdn.com/photo/2017/0510/001_01_RONALDO_600X388.jpg,Cristiano Ronaldo,2.77638888889
4600,Portugal,http://a.espncdn.com/photo/2017/0516/099_01_SCOTT_600.jpg,Adam Scott,2.72860025645
9622,Portugal,http://a.espncdn.com/photo/2017/0515/086_01_JOHNSON_600.png,Jimmie Johnson,2.71035955895
3484,Portugal,http://a.espncdn.com/photo/2017/0510/023_01_SHARAPOVA_600X388.jpg,Maria Sharapova,2.70399314237
7589,Qatar,http://a.espncdn.com/photo/2017/0510/025_01_MCGREGOR_600X388.jpg,Conor McGregor,3.16666666667
13543,Qatar,http://a.espncdn.com/photo/2017/0523/090_03_SINGH_600.jpg,Yuvraj Singh,2.92709260109
11125,Qatar,http://a.espncdn.com/photo/2017/0511/045_01_BENZEMA_600X388.jpg,Karim Benzema,2.88936932928
2381,Qatar,http://a.espncdn.com/photo/2017/0511/048_01_BILES_600X388.jpg,Simone Biles,2.86892689576
7403,Qatar,http://a.espncdn.com/photo/2017/0510/004_01_FEDERER_600X388.jpg,Roger Federer,2.84061396321
10978,Regno Unito,http://a.espncdn.com/photo/2017/0511/045_01_BENZEMA_600X388.jpg,Karim Benzema,2.73837681556
13396,Regno Unito,http://a.espncdn.com/photo/2017/0523/090_03_SINGH_600.jpg,Yuvraj Singh,2.72593514159
8930,Regno Unito,http://a.espncdn.com/photo/2017/0515/064_01_BECKHAM_600.jpg,Odell Beckham Jr.,2.70625963589
10046,Regno Unito,http://a.espncdn.com/photo/2017/0510/019_01_SERENA_600X388.jpg,Serena Williams,2.68007588512
1490,Regno Unito,http://a.espncdn.com/photo/2017/0510/002_01_LEBRON_600X388.jpg,LeBron James,2.6734495272
13527,Republic of Croatia,http://a.espncdn.com/photo/2017/0523/090_03_SINGH_600.jpg,Yuvraj Singh,2.85660488053
1621,Republic of Croatia,http://a.espncdn.com/photo/2017/0510/002_01_LEBRON_600X388.jpg,LeBron James,2.79673407404
9061,Republic of Croatia,http://a.espncdn.com/photo/2017/0515/064_01_BECKHAM_600.jpg,Odell Beckham Jr.,2.78647791663
2551,Republic of Croatia,http://a.espncdn.com/photo/2017/0515/069_01_EARNHARDTJR_600.jpg,Dale Earnhardt Jr.,2.76921611587
1993,Republic of Croatia,http://a.espncdn.com/photo/2017/0523/087_02_WOZNIACKI_600.jpg,Caroline Wozniacki,2.7503435362
6018,Republic of Korea,http://a.espncdn.com/photo/2017/0510/031_01_ROONEY_600X388.jpg,Wayne Rooney,3.25
13460,Republic of Korea,http://a.espncdn.com/photo/2017/0523/090_03_SINGH_600.jpg,Yuvraj Singh,3.01022466017
2484,Republic of Korea,http://a.espncdn.com/photo/2017/0515/069_01_EARNHARDTJR_600.jpg,Dale Earnhardt Jr.,2.88282638325
1554,Republic of Korea,http://a.espncdn.com/photo/2017/0510/002_01_LEBRON_600X388.jpg,LeBron James,2.88264309242
10110,Republic of Korea,http://a.espncdn.com/photo/2017/0510/019_01_SERENA_600X388.jpg,Serena Williams,2.85961693205
1119,Republic of Mauritius,http://a.espncdn.com/photo/2017/0511/047_01_NEWTON_600X388.jpg,Cam Newton,4.0
5955,Republic of Mauritius,http://a.espncdn.com/photo/2017/0510/031_01_ROONEY_600X388.jpg,Wayne Rooney,4.0
13397,Republic of Mauritius,http://a.espncdn.com/photo/2017/0523/090_03_SINGH_600.jpg,Yuvraj Singh,3.22653162843
2421,Republic of Mauritius,http://a.espncdn.com/photo/2017/0515/069_01_EARNHARDTJR_600.jpg,Dale Earnhardt Jr.,3.17469185494
8931,Republic of Mauritius,http://a.espncdn.com/photo/2017/0515/064_01_BECKHAM_600.jpg,Odell Beckham Jr.,3.17386935107
7273,Republic of Mozambique,http://a.espncdn.com/photo/2017/0510/004_01_FEDERER_600X388.jpg,Roger Federer,2.94074368436
2809,Republic of Mozambique,http://a.espncdn.com/photo/2017/0516/097_01_NEUER_600.jpg,Manuel Neuer,2.93246293952
13413,Republic of Mozambique,http://a.espncdn.com/photo/2017/0523/090_03_SINGH_600.jpg,Yuvraj Singh,2.92410452562
9505,Republic of Mozambique,http://a.espncdn.com/photo/2017/0515/086_01_JOHNSON_600.png,Jimmie Johnson,2.91915371195
1507,Republic of Mozambique,http://a.espncdn.com/photo/2017/0510/002_01_LEBRON_600X388.jpg,LeBron James,2.91171992227
139,Republic of the Philippines,http://a.espncdn.com/photo/2017/0510/006_01_NEYMAR_600X388.jpg,Neymar,4.5
13719,Republic of the Philippines,http://a.espncdn.com/photo/2017/0515/053_01_LUIZ_600.jpg,David Luiz,4.5
4789,Republic of the Philippines,http://a.espncdn.com/photo/2017/0515/051_01_PAUL_600.jpg,Chris Paul,3.5
5719,Republic of the Philippines,http://a.espncdn.com/photo/2017/0510/032_01_MURRAY_600X388.jpg,Andy Murray,3.33333333333
11487,Republic of the Philippines,http://a.espncdn.com/photo/2017/0510/033_01_ROSE_600X388.jpg,Derrick Rose,3.25
5635,Republica de Filipinas,http://a.espncdn.com/photo/2017/0510/032_01_MURRAY_600X388.jpg,Andy Murray,3.75
13449,Republica de Filipinas,http://a.espncdn.com/photo/2017/0523/090_03_SINGH_600.jpg,Yuvraj Singh,3.13250955823
1543,Republica de Filipinas,http://a.espncdn.com/photo/2017/0510/002_01_LEBRON_600X388.jpg,LeBron James,3.0754254552
11031,Republica de Filipinas,http://a.espncdn.com/photo/2017/0511/045_01_BENZEMA_600X388.jpg,Karim Benzema,3.02942275595
8983,Republica de Filipinas,http://a.espncdn.com/photo/2017/0515/064_01_BECKHAM_600.jpg,Odell Beckham Jr.,3.02914509882
5737,Republica de Mocambique,http://a.espncdn.com/photo/2017/0510/032_01_MURRAY_600X388.jpg,Andy Murray,5.0
10573,Republica de Mocambique,http://a.espncdn.com/photo/2017/0510/011_01_CURRY_600X388.jpg,Stephen Curry,3.57142857143
13551,Republica de Mocambique,http://a.espncdn.com/photo/2017/0523/090_03_SINGH_600.jpg,Yuvraj Singh,3.39933636708
9085,Republica de Mocambique,http://a.espncdn.com/photo/2017/0515/064_01_BECKHAM_600.jpg,Odell Beckham Jr.,3.37551551532
2575,Republica de Mocambique,http://a.espncdn.com/photo/2017/0515/069_01_EARNHARDTJR_600.jpg,Dale Earnhardt Jr.,3.32234180633
13421,Republique islamique d'Iran,http://a.espncdn.com/photo/2017/0523/090_03_SINGH_600.jpg,Yuvraj Singh,3.01575798563
1515,Republique islamique d'Iran,http://a.espncdn.com/photo/2017/0510/002_01_LEBRON_600X388.jpg,LeBron James,2.91459447127
5979,Republique islamique d'Iran,http://a.espncdn.com/photo/2017/0510/031_01_ROONEY_600X388.jpg,Wayne Rooney,2.91383363453
8955,Republique islamique d'Iran,http://a.espncdn.com/photo/2017/0515/064_01_BECKHAM_600.jpg,Odell Beckham Jr.,2.8973166695
9513,Republique islamique d'Iran,http://a.espncdn.com/photo/2017/0515/086_01_JOHNSON_600.png,Jimmie Johnson,2.88824715821
1574,Romania,http://a.espncdn.com/photo/2017/0510/002_01_LEBRON_600X388.jpg,LeBron James,2.98112242988
13480,Romania,http://a.espncdn.com/photo/2017/0523/090_03_SINGH_600.jpg,Yuvraj Singh,2.94506466813
6224,Romania,http://a.espncdn.com/photo/2017/0523/068_05_LOCHTE_600_NEW.jpg,Ryan Lochte,2.90944635956
9014,Romania,http://a.espncdn.com/photo/2017/0515/064_01_BECKHAM_600.jpg,Odell Beckham Jr.,2.89757599824
2318,Romania,http://a.espncdn.com/photo/2017/0511/048_01_BILES_600X388.jpg,Simone Biles,2.89092010331
7328,Royaume-Uni,http://a.espncdn.com/photo/2017/0510/004_01_FEDERER_600X388.jpg,Roger Federer,3.4375
1562,Royaume-Uni,http://a.espncdn.com/photo/2017/0510/002_01_LEBRON_600X388.jpg,LeBron James,2.99346519032
1934,Royaume-Uni,http://a.espncdn.com/photo/2017/0523/087_02_WOZNIACKI_600.jpg,Caroline Wozniacki,2.96776254207
8630,Royaume-Uni,http://a.espncdn.com/photo/2017/0510/024_01_WADE_600X388.jpg,Dwyane Wade,2.95853898296
11050,Royaume-Uni,http://a.espncdn.com/photo/2017/0511/045_01_BENZEMA_600X388.jpg,Karim Benzema,2.93889819902
6034,Russia,http://a.espncdn.com/photo/2017/0510/031_01_ROONEY_600X388.jpg,Wayne Rooney,3.21022727273
13476,Russia,http://a.espncdn.com/photo/2017/0523/090_03_SINGH_600.jpg,Yuvraj Singh,2.90294071444
10126,Russia,http://a.espncdn.com/photo/2017/0510/019_01_SERENA_600X388.jpg,Serena Williams,2.821390968
2500,Russia,http://a.espncdn.com/photo/2017/0515/069_01_EARNHARDTJR_600.jpg,Dale Earnhardt Jr.,2.77901431416
2128,Russia,http://a.espncdn.com/photo/2017/0523/039_02b_silva_600x388.jpg,Anderson Silva,2.7580953814
13458,Saint Kitts and Nevis,http://a.espncdn.com/photo/2017/0523/090_03_SINGH_600.jpg,Yuvraj Singh,2.90821580731
7318,Saint Kitts and Nevis,http://a.espncdn.com/photo/2017/0510/004_01_FEDERER_600X388.jpg,Roger Federer,2.8961005955
8620,Saint Kitts and Nevis,http://a.espncdn.com/photo/2017/0510/024_01_WADE_600X388.jpg,Dwyane Wade,2.87704548677
1924,Saint Kitts and Nevis,http://a.espncdn.com/photo/2017/0523/087_02_WOZNIACKI_600.jpg,Caroline Wozniacki,2.85255127378
2296,Saint Kitts and Nevis,http://a.espncdn.com/photo/2017/0511/048_01_BILES_600X388.jpg,Simone Biles,2.84849658414
9719,Saint Lucia,http://a.espncdn.com/photo/2017/0525/021_02_brady_600X388.jpg,Tom Brady,3.16666666667
13441,Saint Lucia,http://a.espncdn.com/photo/2017/0523/090_03_SINGH_600.jpg,Yuvraj Singh,2.94911569071
8975,Saint Lucia,http://a.espncdn.com/photo/2017/0515/064_01_BECKHAM_600.jpg,Odell Beckham Jr.,2.94124478727
1535,Saint Lucia,http://a.espncdn.com/photo/2017/0510/002_01_LEBRON_600X388.jpg,LeBron James,2.93722109916
6185,Saint Lucia,http://a.espncdn.com/photo/2017/0523/068_05_LOCHTE_600_NEW.jpg,Ryan Lochte,2.93140005527
13434,Saint Vincent and the Grenadines,http://a.espncdn.com/photo/2017/0523/090_03_SINGH_600.jpg,Yuvraj Singh,3.00784625924
226,Saint Vincent and the Grenadines,http://a.espncdn.com/photo/2017/0529/057_02_alves_600.jpg,Dani Alves,3.0
1528,Saint Vincent and the Grenadines,http://a.espncdn.com/photo/2017/0510/002_01_LEBRON_600X388.jpg,LeBron James,2.96061927313
5806,Saint Vincent and the Grenadines,http://a.espncdn.com/photo/2017/0510/042_01_WAWRINKA_600X388.jpg,Stan Wawrinka,2.95289202303
9526,Saint Vincent and the Grenadines,http://a.espncdn.com/photo/2017/0515/086_01_JOHNSON_600.png,Jimmie Johnson,2.92823632889
7509,Schweiz,http://a.espncdn.com/photo/2017/0510/025_01_MCGREGOR_600X388.jpg,Conor McGregor,4.25
13463,Schweiz,http://a.espncdn.com/photo/2017/0523/090_03_SINGH_600.jpg,Yuvraj Singh,3.16614065693
1557,Schweiz,http://a.espncdn.com/photo/2017/0510/002_01_LEBRON_600X388.jpg,LeBron James,3.10418239857
2301,Schweiz,http://a.espncdn.com/photo/2017/0511/048_01_BILES_600X388.jpg,Simone Biles,3.08802260434
7137,Schweiz,http://a.espncdn.com/photo/2017/0525/055_WILSON_600.jpg,Russell Wilson,3.0693389921
7415,Senegal,http://a.espncdn.com/photo/2017/0510/004_01_FEDERER_600X388.jpg,Roger Federer,2.95708152708
2021,Senegal,http://a.espncdn.com/photo/2017/0523/087_02_WOZNIACKI_600.jpg,Caroline Wozniacki,2.90297083691
8717,Senegal,http://a.espncdn.com/photo/2017/0510/024_01_WADE_600X388.jpg,Dwyane Wade,2.89947836866
2393,Senegal,http://a.espncdn.com/photo/2017/0511/048_01_BILES_600X388.jpg,Simone Biles,2.8822990333
13555,Senegal,http://a.espncdn.com/photo/2017/0523/090_03_SINGH_600.jpg,Yuvraj Singh,2.87396473625
1608,Sierra Leone,http://a.espncdn.com/photo/2017/0510/002_01_LEBRON_600X388.jpg,LeBron James,2.99748942753
11096,Sierra Leone,http://a.espncdn.com/photo/2017/0511/045_01_BENZEMA_600X388.jpg,Karim Benzema,2.95844257698
13514,Sierra Leone,http://a.espncdn.com/photo/2017/0523/090_03_SINGH_600.jpg,Yuvraj Singh,2.90788701651
10164,Sierra Leone,http://a.espncdn.com/photo/2017/0510/019_01_SERENA_600X388.jpg,Serena Williams,2.89312887092
9048,Sierra Leone,http://a.espncdn.com/photo/2017/0515/064_01_BECKHAM_600.jpg,Odell Beckham Jr.,2.88564117329
11410,Singapore,http://a.espncdn.com/photo/2017/0510/033_01_ROSE_600X388.jpg,Derrick Rose,4.84375
5642,Singapore,http://a.espncdn.com/photo/2017/0510/032_01_MURRAY_600X388.jpg,Andy Murray,4.0
14200,Singapore,http://a.espncdn.com/photo/2017/0522/BALE_600x388.jpg,Gareth Bale,3.125
6014,Singapore,http://a.espncdn.com/photo/2017/0510/031_01_ROONEY_600X388.jpg,Wayne Rooney,3.1220703125
13456,Singapore,http://a.espncdn.com/photo/2017/0523/090_03_SINGH_600.jpg,Yuvraj Singh,3.06264773715
11065,South Africa,http://a.espncdn.com/photo/2017/0511/045_01_BENZEMA_600X388.jpg,Karim Benzema,4.25
10319,South Africa,http://a.espncdn.com/photo/2017/0510/029_01_IBRAHIMOVIC_600X388.jpg,Zlatan Ibrahimovic,3.75
7715,South Africa,http://a.espncdn.com/photo/2017/0510/036_01_GRIEZMANN_600X388.jpg,Antoine Griezmann,3.125
7901,South Africa,http://a.espncdn.com/photo/2017/0523/073_02_ROSE_600.jpg,Justin Rose,3.125
1577,South Africa,http://a.espncdn.com/photo/2017/0510/002_01_LEBRON_600X388.jpg,LeBron James,3.01388888889
7276,Spain,http://a.espncdn.com/photo/2017/0510/004_01_FEDERER_600X388.jpg,Roger Federer,4.5
9694,Spain,http://a.espncdn.com/photo/2017/0525/021_02_brady_600X388.jpg,Tom Brady,4.0
580,Spain,http://a.espncdn.com/photo/2017/0515/085_01_HAMILTON_600.jpg,Lewis Hamilton,3.4
8950,Spain,http://a.espncdn.com/photo/2017/0515/064_01_BECKHAM_600.jpg,Odell Beckham Jr.,3.02475019795
13416,Spain,http://a.espncdn.com/photo/2017/0523/090_03_SINGH_600.jpg,Yuvraj Singh,3.00424757146
13528,Spanje,http://a.espncdn.com/photo/2017/0523/090_03_SINGH_600.jpg,Yuvraj Singh,2.9965273476
7388,Spanje,http://a.espncdn.com/photo/2017/0510/004_01_FEDERER_600X388.jpg,Roger Federer,2.91050717391
9062,Spanje,http://a.espncdn.com/photo/2017/0515/064_01_BECKHAM_600.jpg,Odell Beckham Jr.,2.90634549777
8690,Spanje,http://a.espncdn.com/photo/2017/0510/024_01_WADE_600X388.jpg,Dwyane Wade,2.90145776261
2924,Spanje,http://a.espncdn.com/photo/2017/0516/097_01_NEUER_600.jpg,Manuel Neuer,2.88860394223
13564,Sri Lanka,http://a.espncdn.com/photo/2017/0523/090_03_SINGH_600.jpg,Yuvraj Singh,2.94111005522
1658,Sri Lanka,http://a.espncdn.com/photo/2017/0510/002_01_LEBRON_600X388.jpg,LeBron James,2.85430238286
9098,Sri Lanka,http://a.espncdn.com/photo/2017/0515/064_01_BECKHAM_600.jpg,Odell Beckham Jr.,2.83792718099
2588,Sri Lanka,http://a.espncdn.com/photo/2017/0515/069_01_EARNHARDTJR_600.jpg,Dale Earnhardt Jr.,2.83023752875
3518,Sri Lanka,http://a.espncdn.com/photo/2017/0510/023_01_SHARAPOVA_600X388.jpg,Maria Sharapova,2.82843982115
13545,Sudan,http://a.espncdn.com/photo/2017/0523/090_03_SINGH_600.jpg,Yuvraj Singh,2.88925656815
9637,Sudan,http://a.espncdn.com/photo/2017/0515/086_01_JOHNSON_600.png,Jimmie Johnson,2.83497210322
10195,Sudan,http://a.espncdn.com/photo/2017/0510/019_01_SERENA_600X388.jpg,Serena Williams,2.82875107307
1639,Sudan,http://a.espncdn.com/photo/2017/0510/002_01_LEBRON_600X388.jpg,LeBron James,2.81863402494
2941,Sudan,http://a.espncdn.com/photo/2017/0516/097_01_NEUER_600.jpg,Manuel Neuer,2.81175399754
7397,Suiza,http://a.espncdn.com/photo/2017/0510/004_01_FEDERER_600X388.jpg,Roger Federer,3.0
9071,Suiza,http://a.espncdn.com/photo/2017/0515/064_01_BECKHAM_600.jpg,Odell Beckham Jr.,2.97773835894
2003,Suiza,http://a.espncdn.com/photo/2017/0523/087_02_WOZNIACKI_600.jpg,Caroline Wozniacki,2.94372253524
8699,Suiza,http://a.espncdn.com/photo/2017/0510/024_01_WADE_600X388.jpg,Dwyane Wade,2.93603284932
6281,Suiza,http://a.espncdn.com/photo/2017/0523/068_05_LOCHTE_600_NEW.jpg,Ryan Lochte,2.92246811704
13518,Suomi,http://a.espncdn.com/photo/2017/0523/090_03_SINGH_600.jpg,Yuvraj Singh,3.02178181634
1612,Suomi,http://a.espncdn.com/photo/2017/0510/002_01_LEBRON_600X388.jpg,LeBron James,2.96338604268
11100,Suomi,http://a.espncdn.com/photo/2017/0511/045_01_BENZEMA_600X388.jpg,Karim Benzema,2.89986494577
9052,Suomi,http://a.espncdn.com/photo/2017/0515/064_01_BECKHAM_600.jpg,Odell Beckham Jr.,2.87352057194
5890,Suomi,http://a.espncdn.com/photo/2017/0510/042_01_WAWRINKA_600X388.jpg,Stan Wawrinka,2.84000405104
122,Sverige,http://a.espncdn.com/photo/2017/0510/006_01_NEYMAR_600X388.jpg,Neymar,3.54166666667
10910,Sverige,http://a.espncdn.com/photo/2017/0510/027_01_HARDEN_600X388.jpg,James Harden,3.33333333333
7562,Sverige,http://a.espncdn.com/photo/2017/0510/025_01_MCGREGOR_600X388.jpg,Conor McGregor,3.125
13516,Sverige,http://a.espncdn.com/photo/2017/0523/090_03_SINGH_600.jpg,Yuvraj Singh,3.00655644246
4586,Sverige,http://a.espncdn.com/photo/2017/0516/099_01_SCOTT_600.jpg,Adam Scott,2.97791270579
7295,Svizzera,http://a.espncdn.com/photo/2017/0510/004_01_FEDERER_600X388.jpg,Roger Federer,4.625
2273,Svizzera,http://a.espncdn.com/photo/2017/0511/048_01_BILES_600X388.jpg,Simone Biles,3.1550925113
13435,Svizzera,http://a.espncdn.com/photo/2017/0523/090_03_SINGH_600.jpg,Yuvraj Singh,3.12981226488
6179,Svizzera,http://a.espncdn.com/photo/2017/0523/068_05_LOCHTE_600_NEW.jpg,Ryan Lochte,3.12923626408
7109,Svizzera,http://a.espncdn.com/photo/2017/0525/055_WILSON_600.jpg,Russell Wilson,3.10186971511
13402,Swaziland,http://a.espncdn.com/photo/2017/0523/090_03_SINGH_600.jpg,Yuvraj Singh,2.96380922669
1496,Swaziland,http://a.espncdn.com/photo/2017/0510/002_01_LEBRON_600X388.jpg,LeBron James,2.96077703932
9494,Swaziland,http://a.espncdn.com/photo/2017/0515/086_01_JOHNSON_600.png,Jimmie Johnson,2.91264072523
6146,Swaziland,http://a.espncdn.com/photo/2017/0523/068_05_LOCHTE_600_NEW.jpg,Ryan Lochte,2.90925279364
380,Swaziland,http://a.espncdn.com/photo/2017/0516/096_01_RAINA_600.jpg,Suresh Raina,2.90715809044
7333,Sweden,http://a.espncdn.com/photo/2017/0510/004_01_FEDERER_600X388.jpg,Roger Federer,3.75
5659,Sweden,http://a.espncdn.com/photo/2017/0510/032_01_MURRAY_600X388.jpg,Andy Murray,3.5
6031,Sweden,http://a.espncdn.com/photo/2017/0510/031_01_ROONEY_600X388.jpg,Wayne Rooney,3.125
13473,Sweden,http://a.espncdn.com/photo/2017/0523/090_03_SINGH_600.jpg,Yuvraj Singh,3.07963031448
10123,Sweden,http://a.espncdn.com/photo/2017/0510/019_01_SERENA_600X388.jpg,Serena Williams,3.06966440495
7386,Switzerland,http://a.espncdn.com/photo/2017/0510/004_01_FEDERER_600X388.jpg,Roger Federer,3.5
5712,Switzerland,http://a.espncdn.com/photo/2017/0510/032_01_MURRAY_600X388.jpg,Andy Murray,3.125
2364,Switzerland,http://a.espncdn.com/photo/2017/0511/048_01_BILES_600X388.jpg,Simone Biles,2.78285489541
13526,Switzerland,http://a.espncdn.com/photo/2017/0523/090_03_SINGH_600.jpg,Yuvraj Singh,2.7544261273
12782,Switzerland,http://a.espncdn.com/photo/2017/0515/074_01_WATT_600.jpg,J.J. Watt,2.68554731456
13499,Syria,http://a.espncdn.com/photo/2017/0523/090_03_SINGH_600.jpg,Yuvraj Singh,2.99458661153
1593,Syria,http://a.espncdn.com/photo/2017/0510/002_01_LEBRON_600X388.jpg,LeBron James,2.94323148152
5871,Syria,http://a.espncdn.com/photo/2017/0510/042_01_WAWRINKA_600X388.jpg,Stan Wawrinka,2.91629470805
6057,Syria,http://a.espncdn.com/photo/2017/0510/031_01_ROONEY_600X388.jpg,Wayne Rooney,2.90976130965
2523,Syria,http://a.espncdn.com/photo/2017/0515/069_01_EARNHARDTJR_600.jpg,Dale Earnhardt Jr.,2.90002010886
13540,Taiwan,http://a.espncdn.com/photo/2017/0523/090_03_SINGH_600.jpg,Yuvraj Singh,3.02144598608
1634,Taiwan,http://a.espncdn.com/photo/2017/0510/002_01_LEBRON_600X388.jpg,LeBron James,2.92687781281
4610,Taiwan,http://a.espncdn.com/photo/2017/0516/099_01_SCOTT_600.jpg,Adam Scott,2.90487638105
7214,Taiwan,http://a.espncdn.com/photo/2017/0525/055_WILSON_600.jpg,Russell Wilson,2.8786895659
2936,Taiwan,http://a.espncdn.com/photo/2017/0516/097_01_NEUER_600.jpg,Manuel Neuer,2.87455543027
354,Tanzania,http://a.espncdn.com/photo/2017/0529/057_02_alves_600.jpg,Dani Alves,3.75
6678,Tanzania,http://a.espncdn.com/photo/2017/0510/009_01_NADAL_600X388.jpg,Rafael Nadal,3.39285714286
4818,Tanzania,http://a.espncdn.com/photo/2017/0515/051_01_PAUL_600.jpg,Chris Paul,3.25
6120,Tanzania,http://a.espncdn.com/photo/2017/0510/031_01_ROONEY_600X388.jpg,Wayne Rooney,3.078125
168,Tanzania,http://a.espncdn.com/photo/2017/0510/006_01_NEYMAR_600X388.jpg,Neymar,3.0
6068,Thailand,http://a.espncdn.com/photo/2017/0510/031_01_ROONEY_600X388.jpg,Wayne Rooney,3.02083333333
13510,Thailand,http://a.espncdn.com/photo/2017/0523/090_03_SINGH_600.jpg,Yuvraj Singh,2.81939646625
5696,Thailand,http://a.espncdn.com/photo/2017/0510/032_01_MURRAY_600X388.jpg,Andy Murray,2.8125
5882,Thailand,http://a.espncdn.com/photo/2017/0510/042_01_WAWRINKA_600X388.jpg,Stan Wawrinka,2.77545637046
1604,Thailand,http://a.espncdn.com/photo/2017/0510/002_01_LEBRON_600X388.jpg,LeBron James,2.75373547799
7698,The Netherlands,http://a.espncdn.com/photo/2017/0510/036_01_GRIEZMANN_600X388.jpg,Antoine Griezmann,3.125
6024,The Netherlands,http://a.espncdn.com/photo/2017/0510/031_01_ROONEY_600X388.jpg,Wayne Rooney,3.0
13466,The Netherlands,http://a.espncdn.com/photo/2017/0523/090_03_SINGH_600.jpg,Yuvraj Singh,2.7771077153
2676,The Netherlands,http://a.espncdn.com/photo/2017/0510/001_01_RONALDO_600X388.jpg,Cristiano Ronaldo,2.75
4536,The Netherlands,http://a.espncdn.com/photo/2017/0516/099_01_SCOTT_600.jpg,Adam Scott,2.73940559701
6136,Timor-Leste,http://a.espncdn.com/photo/2017/0510/031_01_ROONEY_600X388.jpg,Wayne Rooney,2.92103639144
10228,Timor-Leste,http://a.espncdn.com/photo/2017/0510/019_01_SERENA_600X388.jpg,Serena Williams,2.8675949143
7438,Timor-Leste,http://a.espncdn.com/photo/2017/0510/004_01_FEDERER_600X388.jpg,Roger Federer,2.86477664419
2416,Timor-Leste,http://a.espncdn.com/photo/2017/0511/048_01_BILES_600X388.jpg,Simone Biles,2.85451259696
8740,Timor-Leste,http://a.espncdn.com/photo/2017/0510/024_01_WADE_600X388.jpg,Dwyane Wade,2.85134003316
4441,Trinidad and Tobago,http://a.espncdn.com/photo/2017/0510/008_01_DURANT_600X388.jpg,Kevin Durant,4.5
349,Trinidad and Tobago,http://a.espncdn.com/photo/2017/0529/057_02_alves_600.jpg,Dani Alves,4.25
13557,Trinidad and Tobago,http://a.espncdn.com/photo/2017/0523/090_03_SINGH_600.jpg,Yuvraj Singh,3.23811932909
1651,Trinidad and Tobago,http://a.espncdn.com/photo/2017/0510/002_01_LEBRON_600X388.jpg,LeBron James,3.15928647022
3511,Trinidad and Tobago,http://a.espncdn.com/photo/2017/0510/023_01_SHARAPOVA_600X388.jpg,Maria Sharapova,3.14950561568
10185,Tunisia,http://a.espncdn.com/photo/2017/0510/019_01_SERENA_600X388.jpg,Serena Williams,3.33333333333
13535,Tunisia,http://a.espncdn.com/photo/2017/0523/090_03_SINGH_600.jpg,Yuvraj Singh,2.77584517573
11117,Tunisia,http://a.espncdn.com/photo/2017/0511/045_01_BENZEMA_600X388.jpg,Karim Benzema,2.77031875333
5907,Tunisia,http://a.espncdn.com/photo/2017/0510/042_01_WAWRINKA_600X388.jpg,Stan Wawrinka,2.76754461612
2373,Tunisia,http://a.espncdn.com/photo/2017/0511/048_01_BILES_600X388.jpg,Simone Biles,2.76448935622
7483,Turkey,http://a.espncdn.com/photo/2017/0510/025_01_MCGREGOR_600X388.jpg,Conor McGregor,2.6875
13437,Turkey,http://a.espncdn.com/photo/2017/0523/090_03_SINGH_600.jpg,Yuvraj Singh,2.66441914435
1531,Turkey,http://a.espncdn.com/photo/2017/0510/002_01_LEBRON_600X388.jpg,LeBron James,2.63028983579
6181,Turkey,http://a.espncdn.com/photo/2017/0523/068_05_LOCHTE_600_NEW.jpg,Ryan Lochte,2.62772267613
8599,Turkey,http://a.espncdn.com/photo/2017/0510/024_01_WADE_600X388.jpg,Dwyane Wade,2.56369708236
5600,Turkiye,http://a.espncdn.com/photo/2017/0510/032_01_MURRAY_600X388.jpg,Andy Murray,3.02083333333
13414,Turkiye,http://a.espncdn.com/photo/2017/0523/090_03_SINGH_600.jpg,Yuvraj Singh,2.8363473249
8948,Turkiye,http://a.espncdn.com/photo/2017/0515/064_01_BECKHAM_600.jpg,Odell Beckham Jr.,2.83447230818
1508,Turkiye,http://a.espncdn.com/photo/2017/0510/002_01_LEBRON_600X388.jpg,LeBron James,2.82502034222
8576,Turkiye,http://a.espncdn.com/photo/2017/0510/024_01_WADE_600X388.jpg,Dwyane Wade,2.79806719948
8974,Turks and Caicos Islands,http://a.espncdn.com/photo/2017/0515/064_01_BECKHAM_600.jpg,Odell Beckham Jr.,2.85135791888
13440,Turks and Caicos Islands,http://a.espncdn.com/photo/2017/0523/090_03_SINGH_600.jpg,Yuvraj Singh,2.82687319636
2836,Turks and Caicos Islands,http://a.espncdn.com/photo/2017/0516/097_01_NEUER_600.jpg,Manuel Neuer,2.81926911357
5998,Turks and Caicos Islands,http://a.espncdn.com/photo/2017/0510/031_01_ROONEY_600X388.jpg,Wayne Rooney,2.81346238574
9532,Turks and Caicos Islands,http://a.espncdn.com/photo/2017/0515/086_01_JOHNSON_600.png,Jimmie Johnson,2.80721251129
198,Turquia,http://a.espncdn.com/photo/2017/0529/057_02_alves_600.jpg,Dani Alves,3.75
7266,Turquia,http://a.espncdn.com/photo/2017/0510/004_01_FEDERER_600X388.jpg,Roger Federer,3.15040738071
8568,Turquia,http://a.espncdn.com/photo/2017/0510/024_01_WADE_600X388.jpg,Dwyane Wade,3.14591285963
6150,Turquia,http://a.espncdn.com/photo/2017/0523/068_05_LOCHTE_600_NEW.jpg,Ryan Lochte,3.10714840255
1500,Turquia,http://a.espncdn.com/photo/2017/0510/002_01_LEBRON_600X388.jpg,LeBron James,3.09643873987
13401,Turquie,http://a.espncdn.com/photo/2017/0523/090_03_SINGH_600.jpg,Yuvraj Singh,2.99380722012
7261,Turquie,http://a.espncdn.com/photo/2017/0510/004_01_FEDERER_600X388.jpg,Roger Federer,2.93086321035
4471,Turquie,http://a.espncdn.com/photo/2017/0516/099_01_SCOTT_600.jpg,Adam Scott,2.92400381582
6145,Turquie,http://a.espncdn.com/photo/2017/0523/068_05_LOCHTE_600_NEW.jpg,Ryan Lochte,2.91079528566
8563,Turquie,http://a.espncdn.com/photo/2017/0510/024_01_WADE_600X388.jpg,Dwyane Wade,2.90490863465
6604,Uganda,http://a.espncdn.com/photo/2017/0510/009_01_NADAL_600X388.jpg,Rafael Nadal,3.66666666667
10882,Uganda,http://a.espncdn.com/photo/2017/0510/027_01_HARDEN_600X388.jpg,James Harden,3.625
13488,Uganda,http://a.espncdn.com/photo/2017/0523/090_03_SINGH_600.jpg,Yuvraj Singh,3.22482794095
2512,Uganda,http://a.espncdn.com/photo/2017/0515/069_01_EARNHARDTJR_600.jpg,Dale Earnhardt Jr.,3.15433940319
1582,Uganda,http://a.espncdn.com/photo/2017/0510/002_01_LEBRON_600X388.jpg,LeBron James,3.14542550571
13464,Ukraine,http://a.espncdn.com/photo/2017/0523/090_03_SINGH_600.jpg,Yuvraj Singh,2.92324337351
1558,Ukraine,http://a.espncdn.com/photo/2017/0510/002_01_LEBRON_600X388.jpg,LeBron James,2.9134134756
8998,Ukraine,http://a.espncdn.com/photo/2017/0515/064_01_BECKHAM_600.jpg,Odell Beckham Jr.,2.86679398119
1930,Ukraine,http://a.espncdn.com/photo/2017/0523/087_02_WOZNIACKI_600.jpg,Caroline Wozniacki,2.85490176975
6208,Ukraine,http://a.espncdn.com/photo/2017/0523/068_05_LOCHTE_600_NEW.jpg,Ryan Lochte,2.84087078664
13430,United Arab Emirates,http://a.espncdn.com/photo/2017/0523/090_03_SINGH_600.jpg,Yuvraj Singh,5.0
594,United Arab Emirates,http://a.espncdn.com/photo/2017/0515/085_01_HAMILTON_600.jpg,Lewis Hamilton,3.5
11384,United Arab Emirates,http://a.espncdn.com/photo/2017/0510/033_01_ROSE_600X388.jpg,Derrick Rose,3.25
10080,United Arab Emirates,http://a.espncdn.com/photo/2017/0510/019_01_SERENA_600X388.jpg,Serena Williams,3.1875
6546,United Arab Emirates,http://a.espncdn.com/photo/2017/0510/009_01_NADAL_600X388.jpg,Rafael Nadal,3.125
4644,United Kingdom,http://a.espncdn.com/photo/2017/0516/099_01_SCOTT_600.jpg,Adam Scott,5.0
9666,United Kingdom,http://a.espncdn.com/photo/2017/0515/086_01_JOHNSON_600.png,Jimmie Johnson,4.5
8736,United Kingdom,http://a.espncdn.com/photo/2017/0510/024_01_WADE_600X388.jpg,Dwyane Wade,4.0
2970,United Kingdom,http://a.espncdn.com/photo/2017/0516/097_01_NEUER_600.jpg,Manuel Neuer,3.875
7248,United Kingdom,http://a.espncdn.com/photo/2017/0525/055_WILSON_600.jpg,Russell Wilson,3.7421875
2503,United States,http://a.espncdn.com/photo/2017/0515/069_01_EARNHARDTJR_600.jpg,Dale Earnhardt Jr.,3.77777777778
14409,United States,http://a.espncdn.com/photo/2017/0515/072_01_KROOS_600.jpg,Toni Kroos,3.75
13107,United States,http://a.espncdn.com/photo/2017/0516/094_01_WATSON_600.jpg,Bubba Watson,3.22784455128
3433,United States,http://a.espncdn.com/photo/2017/0510/023_01_SHARAPOVA_600X388.jpg,Maria Sharapova,3.1875
7711,United States,http://a.espncdn.com/photo/2017/0510/036_01_GRIEZMANN_600X388.jpg,Antoine Griezmann,3.16666666667
13432,Uruguay,http://a.espncdn.com/photo/2017/0523/090_03_SINGH_600.jpg,Yuvraj Singh,3.03702147087
3386,Uruguay,http://a.espncdn.com/photo/2017/0510/023_01_SHARAPOVA_600X388.jpg,Maria Sharapova,2.89977864825
4502,Uruguay,http://a.espncdn.com/photo/2017/0516/099_01_SCOTT_600.jpg,Adam Scott,2.89852035592
2828,Uruguay,http://a.espncdn.com/photo/2017/0516/097_01_NEUER_600.jpg,Manuel Neuer,2.89427065314
7292,Uruguay,http://a.espncdn.com/photo/2017/0510/004_01_FEDERER_600X388.jpg,Roger Federer,2.88515152103
10944,Venezuela,http://a.espncdn.com/photo/2017/0510/027_01_HARDEN_600X388.jpg,James Harden,5.0
2946,Venezuela,http://a.espncdn.com/photo/2017/0516/097_01_NEUER_600.jpg,Manuel Neuer,3.07266333659
13550,Venezuela,http://a.espncdn.com/photo/2017/0523/090_03_SINGH_600.jpg,Yuvraj Singh,3.05602093876
9642,Venezuela,http://a.espncdn.com/photo/2017/0515/086_01_JOHNSON_600.png,Jimmie Johnson,3.00716292001
8712,Venezuela,http://a.espncdn.com/photo/2017/0510/024_01_WADE_600X388.jpg,Dwyane Wade,3.0033170909
5751,Vereinigtes Konigreich,http://a.espncdn.com/photo/2017/0510/032_01_MURRAY_600X388.jpg,Andy Murray,4.0
11147,Vereinigtes Konigreich,http://a.espncdn.com/photo/2017/0511/045_01_BENZEMA_600X388.jpg,Karim Benzema,3.07860002686
13565,Vereinigtes Konigreich,http://a.espncdn.com/photo/2017/0523/090_03_SINGH_600.jpg,Yuvraj Singh,3.07142835089
2031,Vereinigtes Konigreich,http://a.espncdn.com/photo/2017/0523/087_02_WOZNIACKI_600.jpg,Caroline Wozniacki,3.0568933238
1659,Vereinigtes Konigreich,http://a.espncdn.com/photo/2017/0510/002_01_LEBRON_600X388.jpg,LeBron James,3.03625690204
13474,Vietnam,http://a.espncdn.com/photo/2017/0523/090_03_SINGH_600.jpg,Yuvraj Singh,2.99382251937
1568,Vietnam,http://a.espncdn.com/photo/2017/0510/002_01_LEBRON_600X388.jpg,LeBron James,2.85745479026
5846,Vietnam,http://a.espncdn.com/photo/2017/0510/042_01_WAWRINKA_600X388.jpg,Stan Wawrinka,2.83611440553
7334,Vietnam,http://a.espncdn.com/photo/2017/0510/004_01_FEDERER_600X388.jpg,Roger Federer,2.83153586085
6218,Vietnam,http://a.espncdn.com/photo/2017/0523/068_05_LOCHTE_600_NEW.jpg,Ryan Lochte,2.79328043803
7414,Zambia,http://a.espncdn.com/photo/2017/0510/004_01_FEDERER_600X388.jpg,Roger Federer,4.16666666667
11136,Zambia,http://a.espncdn.com/photo/2017/0511/045_01_BENZEMA_600X388.jpg,Karim Benzema,3.75
13554,Zambia,http://a.espncdn.com/photo/2017/0523/090_03_SINGH_600.jpg,Yuvraj Singh,3.20167770422
2578,Zambia,http://a.espncdn.com/photo/2017/0515/069_01_EARNHARDTJR_600.jpg,Dale Earnhardt Jr.,3.13944453565
6112,Zambia,http://a.espncdn.com/photo/2017/0510/031_01_ROONEY_600X388.jpg,Wayne Rooney,3.1
5744,Zimbabwe,http://a.espncdn.com/photo/2017/0510/032_01_MURRAY_600X388.jpg,Andy Murray,3.53125
6116,Zimbabwe,http://a.espncdn.com/photo/2017/0510/031_01_ROONEY_600X388.jpg,Wayne Rooney,3.08928571429
13558,Zimbabwe,http://a.espncdn.com/photo/2017/0523/090_03_SINGH_600.jpg,Yuvraj Singh,2.97336082342
6302,Zimbabwe,http://a.espncdn.com/photo/2017/0523/068_05_LOCHTE_600_NEW.jpg,Ryan Lochte,2.95230173551
4628,Zimbabwe,http://a.espncdn.com/photo/2017/0516/099_01_SCOTT_600.jpg,Adam Scott,2.94623437495
